time,ax,ay,az,atotal
0.004502296447753906,0.65,-0.41,-0.23,0.8
0.014417171478271484,0.01,-0.2,-0.65,0.68
0.02443218231201172,0.1,0.19,-1.2,1.21
0.034281253814697266,0.33,0.36,-1.58,1.65
0.044344186782836914,0.56,0.37,-1.7,1.82
0.05445408821105957,0.65,0.21,-1.6,1.73
0.06438398361206055,0.57,0.22,-1.31,1.44
0.07443618774414062,0.46,0.25,-0.77,0.93
0.08429312705993652,0.35,0.25,-0.32,0.53
0.09446310997009277,0.32,0.13,-0.25,0.42
0.10449409484863281,0.54,-0.01,-0.42,0.68
0.11438918113708496,1.04,-0.07,-0.87,1.35
0.12441015243530273,1.3,-0.35,-1.53,2.03
0.13426709175109863,0.97,-1.06,-2.01,2.47
0.14437627792358398,0.7,-1.66,-2.16,2.81
0.1544332504272461,0.84,-1.76,-2.56,3.21
0.16443824768066406,1.14,-1.5,-2.93,3.48
0.17440319061279297,1.13,-1.03,-2.96,3.33
0.1842641830444336,0.98,-1.09,-3.35,3.65
0.19438505172729492,0.9,-1.24,-3.83,4.12
0.2043910026550293,0.7,-1.11,-4.03,4.23
0.21440911293029785,0.39,-1.06,-3.7,3.86
0.22440218925476074,0.17,-0.96,-2.69,2.86
0.2341921329498291,0.26,-0.74,-1.34,1.55
0.24430131912231445,0.63,-0.32,-0.35,0.78
0.25437498092651367,1.17,-0.18,-0.16,1.19
0.26439428329467773,1.28,-0.37,-0.42,1.39
0.2743692398071289,1.33,-0.32,-0.79,1.57
0.2842121124267578,1.15,-0.31,-0.77,1.41
0.2943592071533203,0.75,-0.76,-0.7,1.27
0.3044552803039551,0.52,-0.82,-1.17,1.52
0.31431102752685547,0.59,-0.76,-1.77,2.01
0.32431912422180176,0.6,-1.08,-1.59,2.01
0.33417606353759766,0.14,-1.6,-1.31,2.07
0.34432506561279297,-0.52,-1.75,-1.14,2.15
0.35434913635253906,-0.97,-1.42,-1.31,2.16
0.3643059730529785,-0.37,-1.28,-1.66,2.12
0.374420166015625,-0.36,-1.01,-1.88,2.16
0.38417816162109375,-0.85,-0.53,-2.16,2.38
0.39430809020996094,-0.96,-0.45,-2.16,2.4
0.4042940139770508,-0.92,-0.35,-2.13,2.34
0.4143199920654297,-0.36,-0.33,-2.27,2.32
0.4243021011352539,0.26,-0.74,-2.34,2.46
0.4341549873352051,0.68,-1.18,-2.21,2.59
0.44426822662353516,1.15,-1.7,-2.24,3.03
0.45436906814575195,1.12,-1.81,-2.6,3.36
0.464306116104126,0.96,-2.04,-2.94,3.7
0.4743211269378662,0.63,-2.28,-2.95,3.78
0.48426198959350586,-0.06,-2.34,-2.42,3.36
0.49454832077026367,-0.35,-2.52,-1.72,3.07
0.5043692588806152,-0.47,-2.61,-1.61,3.1
0.5142722129821777,-1.11,-2.19,-1.8,3.04
0.524287223815918,-2.27,-1.43,-1.75,3.2
0.5342650413513184,-3.76,-0.81,-1.55,4.14
0.5443441867828369,-5.08,-0.85,-1.21,5.29
0.5543632507324219,-5.6,-1.3,-1.13,5.85
0.5643022060394287,-5.32,-1.31,-1.18,5.6
0.5743541717529297,-4.61,-1.41,-0.79,4.88
0.5843021869659424,-3.92,-1.98,0.36,4.4
0.5942602157592773,-3.15,-2.48,0.91,4.11
0.6043000221252441,-1.96,-2.5,0.79,3.27
0.6142520904541016,-0.9,-2.61,0.93,2.91
0.6242842674255371,0.5,-2.6,0.94,2.8
0.6342811584472656,1.25,-2.52,1.1,3.02
0.6443352699279785,0.91,-2.56,1.37,3.04
0.6543192863464355,0.36,-2.35,1.5,2.81
0.6641991138458252,-0.26,-2.14,1.3,2.51
0.6742262840270996,-0.86,-1.97,1.09,2.41
0.6843142509460449,-1.21,-1.96,0.75,2.42
0.6942400932312012,-1.05,-2.05,0.29,2.32
0.7042560577392578,-0.81,-2.04,0.32,2.21
0.7142081260681152,-0.54,-1.58,0.79,1.84
0.7243232727050781,-0.39,-1.06,1.43,1.82
0.7344381809234619,-0.34,-0.76,1.85,2.02
0.7442080974578857,0.07,-0.62,1.95,2.04
0.7542390823364258,0.76,-0.56,1.86,2.08
0.7641861438751221,1.01,-0.69,2.04,2.37
0.7742400169372559,0.96,-0.62,2.61,2.84
0.7843780517578125,0.79,-0.44,3.16,3.28
0.7942380905151367,0.48,-0.14,3.68,3.71
0.8042283058166504,0.23,-0.05,3.8,3.8
0.8141751289367676,0.39,-0.07,3.24,3.26
0.8241143226623535,0.52,-0.02,2.62,2.67
0.8344740867614746,1.02,0.04,2.18,2.4
0.8441653251647949,1.7,-0.28,2.22,2.81
0.8541140556335449,2.65,-0.66,2.25,3.53
0.8640532493591309,3.73,-0.83,2.19,4.4
0.874077320098877,3.71,-0.75,2.43,4.49
0.8845319747924805,2.49,-0.13,3.17,4.03
0.894172191619873,0.9,0.88,4.09,4.27
0.9043002128601074,-0.26,1.66,4.49,4.79
0.9141430854797363,-0.57,2.04,4.05,4.57
0.9245619773864746,-0.02,1.96,3.36,3.88
0.934455156326294,1.86,1.83,2.57,3.66
0.9441521167755127,3.81,1.48,2.4,4.73
0.9541881084442139,5.1,0.86,2.48,5.73
0.964130163192749,4.92,0.47,3.12,5.84
0.974128246307373,2.86,0.85,3.48,4.58
0.984492301940918,-0.07,1.64,2.9,3.33
0.994171142578125,-1.38,2.15,1.86,3.16
1.0040881633758545,-0.42,2.42,0.66,2.54
1.0141041278839111,1.33,2.31,0.33,2.68
1.0240073204040527,2.43,2.18,0.45,3.29
1.0340831279754639,3.4,2.22,0.72,4.12
1.0440781116485596,3.57,1.87,0.98,4.14
1.0541801452636719,2.51,1.89,0.93,3.27
1.0640811920166016,1.35,1.87,0.5,2.35
1.0741221904754639,0.77,2.35,0.46,2.51
1.0840849876403809,0.54,2.61,0.13,2.66
1.0940961837768555,0.39,2.86,0.24,2.89
1.1041250228881836,0.29,2.53,1.39,2.9
1.1140680313110352,0.9,1.59,2.94,3.46
1.1240251064300537,1.29,1.83,3.19,3.89
1.1339960098266602,2.64,2.47,2.78,4.56
1.144026279449463,2.61,2.4,2.93,4.59
1.1540491580963135,0.71,1.21,2.63,2.98
1.164031982421875,-0.17,0.54,0.76,0.94
1.1740679740905762,-0.54,1.23,-0.11,1.34
1.1840462684631348,-0.64,1.55,-0.13,1.68
1.1940581798553467,-0.51,0.96,0.64,1.26
1.2041540145874023,0.72,1.28,1.02,1.78
1.2141001224517822,1.47,1.43,1.18,2.36
1.2240641117095947,0.64,0.81,1.28,1.64
1.2340340614318848,0.31,0.74,0.57,0.98
1.2440261840820312,0.1,-0.25,0.0,0.26
1.2540860176086426,-0.24,-0.75,-0.85,1.15
1.2640151977539062,-1.64,-0.82,-1.97,2.69
1.2740612030029297,-2.04,-1.07,-2.06,3.09
1.2839581966400146,-1.49,-0.45,-1.52,2.17
1.2940871715545654,0.54,0.09,-0.42,0.69
1.3040390014648438,0.67,-0.04,1.14,1.32
1.3139441013336182,-0.21,0.68,1.35,1.52
1.3247301578521729,-1.56,0.63,-0.43,1.73
1.3339900970458984,2.86,1.83,-3.07,4.57
1.3439991474151611,2.35,-1.5,-2.38,3.66
1.3540771007537842,0.48,-1.75,-0.26,1.83
1.3640141487121582,0.9,-0.97,1.19,1.77
1.3740861415863037,0.66,-2.19,1.22,2.59
1.3839612007141113,0.61,-1.96,0.32,2.07
1.394017219543457,0.53,-1.15,-0.26,1.29
1.4041621685028076,0.84,-0.02,-0.28,0.88
1.413917064666748,1.32,0.73,-0.96,1.78
1.4249982833862305,0.29,0.19,-1.18,1.22
1.433913230895996,-0.94,-1.22,-1.52,2.16
1.4439802169799805,-1.41,-1.17,-2.52,3.11
1.4540762901306152,-1.27,-1.73,-2.6,3.37
1.4640271663665771,-0.37,-2.09,-2.24,3.08
1.4739100933074951,0.54,-1.64,-1.39,2.21
1.483863115310669,1.08,-0.71,-0.13,1.29
1.4938859939575195,0.68,-0.67,0.06,0.95
1.5039153099060059,-2.21,4.19,-2.89,5.54
1.5138840675354004,-6.16,14.82,-4.05,16.55
1.5249252319335938,-1.73,5.58,0.25,5.84
1.533858299255371,1.65,-0.62,-1.79,2.51
1.5438671112060547,0.55,-2.8,-0.1,2.85
1.553995132446289,-3.88,-0.94,5.16,6.52
1.563932180404663,-2.68,1.1,3.4,4.46
1.5739450454711914,0.72,0.76,-1.35,1.7
1.5838890075683594,2.34,-1.62,-2.52,3.8
1.593879222869873,2.36,-3.22,-1.99,4.46
1.6039271354675293,-0.68,-1.27,0.81,1.65
1.6139092445373535,-1.02,-0.44,1.92,2.21
1.6251051425933838,0.58,0.28,2.52,2.6
1.633899211883545,1.51,0.51,2.89,3.3
1.6439101696014404,0.62,1.36,3.17,3.5
1.65388822555542,-0.63,2.08,2.93,3.64
1.6639580726623535,-1.16,1.92,2.48,3.34
1.6739320755004883,-0.4,0.58,1.61,1.75
1.6839122772216797,0.36,0.05,0.94,1.0
1.6939330101013184,-1.12,-0.32,0.22,1.18
1.7039752006530762,-2.26,-0.73,-0.86,2.52
1.7138962745666504,-2.11,-0.89,-1.56,2.77
1.7256691455841064,-1.77,-0.42,-1.37,2.27
1.7338290214538574,-1.08,0.06,-1.02,1.48
1.7438759803771973,-0.3,-0.01,-0.23,0.37
1.7538940906524658,-0.95,0.01,1.34,1.64
1.7638702392578125,-1.62,-0.04,2.22,2.74
1.7740602493286133,-0.4,-0.54,2.62,2.7
1.7838611602783203,1.1,0.2,1.86,2.17
1.793882131576538,1.42,0.62,-0.39,1.59
1.8039331436157227,1.0,0.38,-0.98,1.45
1.8138082027435303,2.48,-0.57,-1.46,2.93
1.8261113166809082,2.57,-1.05,-2.72,3.88
1.8337759971618652,1.42,-1.46,-3.25,3.83
1.843770980834961,0.05,-0.66,-4.24,4.29
1.8538203239440918,0.08,-0.38,-5.62,5.63
1.8637070655822754,1.11,0.19,-4.19,4.33
1.8737702369689941,1.1,0.86,-2.06,2.48
1.883775234222412,0.86,0.75,-0.37,1.19
1.8936500549316406,1.21,0.39,-0.27,1.29
1.9038162231445312,-1.42,0.1,-1.29,1.92
1.9138062000274658,-6.85,1.39,0.77,7.03
1.9266221523284912,-2.23,-0.75,2.27,3.26
1.9338302612304688,0.53,-0.64,3.16,3.26
1.9438681602478027,0.54,0.53,4.69,4.75
1.9538393020629883,-0.41,-0.38,5.36,5.38
1.9638020992279053,-1.29,-0.56,5.38,5.56
1.9738521575927734,-1.61,-0.57,5.02,5.3
1.983839988708496,-1.6,-0.48,3.64,4.0
1.993786096572876,-2.27,-0.89,-0.18,2.44
2.003883123397827,-1.87,-0.56,-3.24,3.78
2.0139613151550293,-1.04,-0.23,-5.2,5.3
2.025937080383301,0.1,0.2,-5.59,5.59
2.033759117126465,1.47,0.88,-4.21,4.54
2.0437440872192383,3.15,-0.03,-1.25,3.38
2.053798198699951,2.89,-0.08,2.48,3.8
2.0636861324310303,-0.58,-1.3,3.97,4.21
2.073723316192627,-7.57,-5.67,10.37,14.03
2.083674192428589,2.85,0.63,5.41,6.14
2.0936970710754395,5.26,-2.28,0.03,5.73
2.10374116897583,-3.47,-5.22,-9.17,11.1
2.1138081550598145,-7.05,-6.4,-6.8,11.7
2.125084161758423,0.89,-5.31,-2.0,5.74
2.133747100830078,5.24,-4.26,-1.01,6.82
2.1437110900878906,3.86,-0.67,0.86,4.01
2.153698205947876,-0.24,5.44,3.0,6.21
2.1637320518493652,-4.28,6.67,2.72,8.37
2.173765182495117,-2.84,3.94,1.16,4.99
2.183718204498291,-0.56,2.47,1.51,2.94
2.1937999725341797,0.11,0.3,-0.53,0.61
2.2037642002105713,0.43,0.15,-1.37,1.44
2.213742256164551,0.34,0.92,-0.83,1.28
2.225520133972168,0.91,-0.23,-1.21,1.53
2.233715057373047,1.33,-0.18,-0.23,1.36
2.243727207183838,1.11,1.04,0.62,1.64
2.2537403106689453,1.68,-1.01,-0.06,1.96
2.2637410163879395,0.94,1.51,0.73,1.92
2.273756980895996,-0.35,1.71,0.12,1.74
2.2836551666259766,0.11,-0.64,-0.98,1.17
2.293635129928589,0.91,-2.28,-1.31,2.78
2.303906202316284,1.9,-3.74,-1.05,4.32
2.3136351108551025,1.88,-4.73,-0.88,5.16
2.32592511177063,1.33,-4.24,-0.82,4.51
2.3336341381073,1.27,-4.25,-0.69,4.48
2.3437042236328125,3.0,-5.33,0.02,6.11
2.353670120239258,2.63,-4.27,0.0,5.01
2.363675117492676,-1.48,-0.09,0.37,1.52
2.373641014099121,-6.15,2.24,2.42,6.97
2.38362717628479,-6.16,1.36,1.98,6.61
2.393698215484619,-4.66,1.46,3.77,6.16
2.4036550521850586,-4.62,1.68,4.87,6.91
2.4137320518493652,-4.11,1.43,3.8,5.77
2.426117181777954,-0.62,-1.61,1.17,2.08
2.4335923194885254,0.69,-4.11,-2.22,4.72
2.443593978881836,-1.19,-2.0,-2.11,3.14
2.4536871910095215,-1.18,1.0,-1.19,1.95
2.463665008544922,-2.43,5.18,0.73,5.76
2.473520278930664,-0.63,4.58,0.49,4.64
2.4836630821228027,0.85,4.17,-0.58,4.29
2.4936323165893555,1.53,4.91,-0.49,5.16
2.503688097000122,4.72,4.07,-1.58,6.42
2.5136051177978516,5.43,4.01,-1.28,6.87
2.526710033416748,5.51,3.82,-1.22,6.81
2.5335681438446045,3.14,2.05,-1.62,4.08
2.5436320304870605,2.62,1.4,-1.57,3.35
2.5536112785339355,1.76,0.7,-1.43,2.37
2.5636391639709473,0.75,0.55,-1.06,1.41
2.5736641883850098,-0.02,-0.19,-0.44,0.47
2.583616256713867,-2.17,-1.17,2.05,3.2
2.5936291217803955,-6.51,-2.58,4.22,8.17
2.6036641597747803,-4.55,-0.68,-0.74,4.65
2.613603115081787,2.37,0.2,-1.56,2.84
2.626958131790161,2.03,-0.82,-0.1,2.19
2.633559226989746,0.12,-0.68,-0.16,0.7
2.6436142921447754,-0.11,0.27,0.57,0.64
2.6536669731140137,-0.1,0.18,0.51,0.55
2.6635842323303223,-0.35,0.16,0.26,0.46
2.6735661029815674,-0.56,0.07,-0.04,0.56
2.683521270751953,-0.05,-0.05,-0.03,0.07
2.6935362815856934,0.16,0.07,0.04,0.17
2.703571319580078,0.31,-0.1,-0.07,0.33
2.713581085205078,0.12,-0.02,-0.41,0.42
2.7266621589660645,-0.41,-0.24,-0.43,0.64
2.7335309982299805,-0.6,-0.04,-0.33,0.68
2.7435359954833984,-0.06,-0.1,0.01,0.11
2.753526210784912,0.97,0.35,-0.15,1.04
2.7636022567749023,-0.34,-0.36,0.52,0.71
2.773564100265503,0.32,0.19,-0.27,0.45
2.783524990081787,-0.3,-0.21,-0.02,0.36
2.7935211658477783,-0.24,0.19,0.05,0.31
2.8035502433776855,-2.16,-0.46,0.99,2.42
2.813570022583008,-0.83,0.09,0.44,0.94
2.826883316040039,0.01,0.35,0.75,0.82
2.833528995513916,1.06,0.19,0.69,1.27
2.8435301780700684,-0.99,-0.49,0.35,1.15
2.8535079956054688,-0.16,-0.16,-0.28,0.36
2.8634753227233887,0.51,0.22,-0.32,0.64
2.8734493255615234,-1.36,-0.52,0.41,1.51
2.883742094039917,-0.89,-0.11,-0.62,1.09
2.8934812545776367,0.16,0.04,-1.08,1.09
2.903499126434326,-1.07,-0.75,-0.38,1.36
2.91352915763855,-0.59,-0.16,-0.96,1.13
2.9273390769958496,0.1,0.3,-0.54,0.62
2.93345308303833,-0.03,0.05,1.23,1.23
2.9434971809387207,-1.13,-0.03,0.9,1.44
2.9535231590270996,-0.22,-0.02,0.53,0.57
2.9634451866149902,0.6,0.14,0.55,0.82
2.9735331535339355,-2.17,-0.43,0.37,2.24
2.983455181121826,-0.93,-0.06,-0.17,0.94
2.9934682846069336,0.69,0.31,-0.23,0.79
3.0034542083740234,0.06,0.08,0.53,0.53
3.0135083198547363,-0.9,-0.06,0.47,1.01
3.0270133018493652,0.6,0.26,0.5,0.82
3.033501148223877,0.98,0.41,0.31,1.1
3.0434961318969727,-0.47,-0.15,0.68,0.84
3.0534911155700684,-0.75,-0.18,0.0,0.77
3.06349515914917,0.73,0.21,-0.41,0.86
3.0735151767730713,0.02,-0.04,0.12,0.12
3.083470106124878,-1.29,-0.27,-0.06,1.31
3.0934841632843018,0.43,0.16,-0.19,0.49
3.1033620834350586,1.1,0.24,-0.38,1.18
3.113445281982422,-1.38,-0.35,-0.07,1.42
3.12722110748291,-0.51,-0.03,-0.05,0.51
3.133507251739502,0.18,0.04,0.32,0.36
3.1433582305908203,0.68,0.27,0.76,1.05
3.1532793045043945,-1.26,-0.26,1.14,1.71
3.16337513923645,-0.42,0.1,0.61,0.74
3.173457145690918,0.86,0.32,0.3,0.96
3.1837620735168457,-0.66,-0.18,0.77,1.03
3.19343900680542,-0.64,-0.09,0.41,0.76
3.203367233276367,0.5,0.14,0.36,0.63
3.2135000228881836,0.13,0.12,0.77,0.79
3.2270193099975586,-1.28,-0.11,0.93,1.58
3.233469009399414,0.49,0.3,0.28,0.63
3.2435412406921387,0.32,-0.03,-0.04,0.32
3.253352165222168,-1.11,-0.12,-0.43,1.19
3.2634520530700684,-1.45,0.15,0.22,1.47
3.2735090255737305,-1.09,0.48,0.79,1.42
3.2835021018981934,-0.71,0.29,0.25,0.8
3.293436050415039,-0.56,0.45,0.22,0.75
3.30332612991333,-0.36,0.62,0.56,0.9
3.3134469985961914,-1.4,1.04,0.75,1.89
3.3272290229797363,-1.88,1.37,0.53,2.38
3.333425998687744,0.04,0.88,0.57,1.04
3.343353271484375,-1.19,0.88,1.24,1.93
3.353276252746582,-2.12,1.97,1.68,3.34
3.363224983215332,-3.77,3.34,1.67,5.3
3.3734421730041504,-3.42,2.58,1.49,4.53
3.3833823204040527,-1.94,3.1,1.55,3.97
3.393385171890259,-3.17,3.64,1.26,4.98
3.4032680988311768,-3.26,3.99,1.12,5.27
3.4133620262145996,-3.11,3.95,0.86,5.1
3.4275569915771484,-3.99,4.01,0.81,5.71
3.433354139328003,-5.6,5.18,0.5,7.64
3.443310260772705,-6.77,6.02,1.32,9.15
3.453118324279785,-6.94,5.45,2.87,9.27
3.4632391929626465,-6.38,5.81,3.87,9.45
3.4733242988586426,-6.94,5.47,3.61,9.54
3.48331618309021,-11.99,3.94,2.72,12.91
3.493312120437622,-13.73,4.18,2.94,14.65
3.5032620429992676,-12.71,4.06,3.71,13.84
3.513296127319336,-10.68,4.24,3.46,12.0
3.527320146560669,-7.52,5.79,2.48,9.8
3.533858299255371,1.88,12.05,0.6,12.21
3.5436882972717285,5.82,19.01,1.6,19.94
3.553300142288208,-5.02,14.76,1.0,15.62
3.5635781288146973,-8.69,14.5,3.7,17.3
3.573270320892334,-12.57,15.4,6.91,21.04
3.584066152572632,-20.69,14.29,7.2,26.15
3.593212127685547,-30.86,7.27,7.37,32.55
3.603255271911621,-12.84,-5.83,0.14,14.1
3.6132051944732666,28.64,-2.96,1.99,28.86
3.6277623176574707,11.88,2.89,6.61,13.89
3.633216142654419,-4.27,5.91,8.68,11.33
3.643200159072876,-11.75,4.38,7.97,14.85
3.6531591415405273,-17.07,1.69,6.7,18.41
3.663175106048584,-16.49,0.25,5.49,17.38
3.673157215118408,-14.55,-0.12,4.65,15.27
3.6831440925598145,-11.77,-0.16,5.53,13.0
3.6931581497192383,-9.13,-0.17,5.83,10.83
3.703289031982422,-8.01,-0.27,5.63,9.79
3.713210105895996,-8.38,-0.98,4.17,9.41
3.7284021377563477,-9.15,-1.84,2.74,9.72
3.733160972595215,-9.38,-2.42,2.12,9.91
3.743194103240967,-8.57,-2.33,2.41,9.2
3.753270149230957,-7.73,-1.98,2.83,8.46
3.7631821632385254,-6.86,-1.62,3.32,7.79
3.7732231616973877,-6.23,-1.19,3.49,7.23
3.7834041118621826,-5.85,-0.86,3.42,6.83
3.7931652069091797,-5.14,-0.36,3.32,6.12
3.8033223152160645,-4.15,0.2,3.25,5.27
3.8131961822509766,-3.06,0.86,3.01,4.37
3.8275833129882812,-1.68,1.85,2.67,3.65
3.8331780433654785,-0.28,2.77,2.16,3.52
3.843043088912964,0.57,3.67,1.73,4.09
3.853330135345459,1.18,5.18,1.7,5.57
3.8631651401519775,1.73,6.85,1.61,7.24
3.873106002807617,2.53,7.82,0.76,8.25
3.883111000061035,3.73,8.1,-0.8,8.95
3.893156051635742,4.84,8.85,-1.7,10.22
3.903372287750244,6.55,10.23,-1.81,12.28
3.9134111404418945,8.03,10.44,-2.54,13.41
3.9287941455841064,8.27,12.47,-1.63,15.05
3.933406114578247,9.67,15.95,0.04,18.65
3.9434189796447754,12.32,16.56,-1.81,20.71
3.9533863067626953,16.29,13.93,-4.94,21.99
3.963109016418457,23.15,8.41,-5.2,25.17
3.973384141921997,32.44,6.69,-2.31,33.2
3.983160972595215,31.15,6.29,-9.45,33.15
3.993126153945923,25.42,2.16,-12.72,28.5
4.00345516204834,20.81,5.01,-8.87,23.16
4.013185024261475,18.14,9.37,-6.31,21.36
4.027583122253418,16.64,8.63,-7.38,20.14
4.0331621170043945,15.59,6.73,-7.22,18.45
4.043123245239258,15.55,5.68,-5.94,17.58
4.0530781745910645,-25.18,44.69,4.6,51.5
4.063072204589844,-13.74,-4.09,8.24,16.53
4.07309627532959,-6.51,-16.14,8.77,19.48
4.08315110206604,-25.82,0.24,1.88,25.88
4.093029975891113,5.91,-7.48,-14.64,17.47
4.103054046630859,27.97,5.76,-7.4,29.5
4.113125324249268,13.51,5.79,7.72,16.6
4.128133296966553,3.6,3.87,2.79,5.97
4.133151054382324,8.93,4.76,-8.95,13.5
4.143093109130859,2.37,0.32,-10.05,10.33
4.153140068054199,8.47,1.95,-2.91,9.16
4.163132190704346,22.78,3.65,-0.35,23.07
4.173089027404785,6.03,0.72,-5.88,8.45
4.182919979095459,-1.97,-0.72,-5.13,5.54
4.193031311035156,4.0,0.11,-2.63,4.78
4.203017234802246,3.45,0.05,-2.73,4.39
4.21299409866333,-0.82,-0.33,-2.27,2.43
4.228963136672974,-0.11,-0.04,-1.15,1.15
4.233029127120972,0.17,0.17,0.1,0.26
4.243054151535034,0.3,0.33,1.37,1.44
4.253010272979736,0.48,0.29,1.47,1.57
4.263041019439697,-0.2,0.15,1.41,1.43
4.273126125335693,0.29,0.17,1.99,2.01
4.283064126968384,0.32,0.18,2.19,2.22
4.293044090270996,-0.35,-0.03,1.47,1.51
4.303036212921143,-0.36,-0.14,-0.03,0.38
4.312994003295898,-0.4,-0.15,-0.88,0.97
4.329051971435547,-0.69,-0.11,-0.24,0.73
4.332983016967773,-0.39,-0.04,0.63,0.74
4.342954158782959,-0.09,-0.04,0.85,0.85
4.3529582023620605,0.11,-0.02,0.35,0.36
4.36298131942749,0.46,-0.14,0.08,0.48
4.372969150543213,-0.13,-0.12,0.2,0.26
4.382976055145264,-0.89,0.0,0.07,0.89
4.392980098724365,-0.07,-0.03,-0.16,0.17
4.4029271602630615,0.46,0.01,0.18,0.49
4.412988185882568,-0.2,0.14,0.03,0.24
4.429675102233887,-0.41,-0.04,0.31,0.51
4.433067321777344,-0.44,0.0,-0.02,0.44
4.44293212890625,-0.3,0.08,0.03,0.31
4.452900171279907,-0.33,0.17,0.31,0.48
4.462987184524536,-0.47,0.12,0.34,0.59
4.473024129867554,-0.43,0.26,0.41,0.64
4.482968091964722,-0.38,0.44,0.45,0.73
4.493026256561279,-1.04,1.12,0.91,1.77
4.502964973449707,-3.35,2.08,0.57,3.98
4.5129711627960205,-3.76,2.18,0.8,4.41
4.529720306396484,-2.42,1.41,0.82,2.91
4.533051013946533,-1.89,1.35,-0.02,2.32
4.543029308319092,-2.72,1.7,-0.57,3.25
4.552942276000977,-3.42,2.4,-0.27,4.18
4.56295919418335,-3.19,2.03,0.04,3.78
4.572994232177734,-2.87,2.4,0.25,3.74
4.582939147949219,-2.95,2.89,0.53,4.16
4.593104124069214,-3.6,3.64,1.92,5.46
4.60287618637085,-4.38,4.95,4.65,8.08
4.612886190414429,-4.99,5.11,6.26,9.49
4.628983020782471,-5.75,4.48,5.06,8.87
4.63290810585022,-5.64,4.51,2.79,7.74
4.642926216125488,-7.37,3.8,1.2,8.37
4.652865171432495,-10.51,3.87,1.36,11.28
4.662919998168945,-13.43,3.84,3.1,14.3
4.672942161560059,-15.32,2.78,5.19,16.41
4.682913303375244,-14.37,2.56,5.63,15.64
4.692907094955444,-11.74,2.32,4.49,12.78
4.702943325042725,-8.31,4.57,3.53,10.11
4.71290922164917,-4.44,9.31,5.31,11.6
4.7293009757995605,3.32,19.53,6.27,20.77
4.733273983001709,2.78,18.61,5.44,19.58
4.743247032165527,-1.15,16.08,9.78,18.85
4.753177165985107,-6.65,17.44,10.89,21.6
4.762905120849609,-7.46,16.44,12.62,22.02
4.77285099029541,-16.68,10.1,14.46,24.27
4.782922267913818,-20.25,-2.78,5.55,21.18
4.792876243591309,25.2,-4.02,-1.98,25.59
4.80279016494751,12.9,2.07,6.24,14.47
4.812804222106934,-4.14,2.3,8.77,9.96
4.829326152801514,-9.1,0.87,10.09,13.61
4.832705974578857,-16.43,-1.24,7.44,18.07
4.842780113220215,-17.2,-3.09,5.89,18.44
4.852835178375244,-15.03,-4.5,4.61,16.35
4.862816095352173,-13.62,-4.7,4.26,15.02
4.872745990753174,-11.28,-4.27,4.23,12.78
4.882836103439331,-8.92,-4.27,3.96,10.65
4.892778158187866,-7.1,-4.81,3.67,9.32
4.902774095535278,-6.2,-5.33,2.89,8.67
4.912737131118774,-6.03,-5.58,2.14,8.48
4.930272102355957,-6.33,-5.66,1.72,8.66
4.933444023132324,-7.33,-5.36,1.55,9.21
4.942829132080078,-8.47,-4.43,2.0,9.76
4.952787160873413,-8.8,-3.06,2.72,9.7
4.962815284729004,-7.68,-1.73,3.06,8.44
4.972861289978027,-5.77,-1.02,2.24,6.27
4.982818126678467,-4.79,-0.63,0.49,4.85
4.992847204208374,-3.93,0.26,-0.46,3.96
5.0027899742126465,-4.44,1.48,0.15,4.68
5.012760162353516,-5.35,3.23,0.68,6.28
5.030346155166626,-3.38,5.29,-0.29,6.28
5.033377170562744,1.65,6.78,-1.56,7.15
5.042813301086426,5.48,7.56,-2.24,9.6
5.0527520179748535,4.5,8.31,-3.36,10.02
5.062798976898193,2.47,9.9,-4.55,11.17
5.072982311248779,2.71,12.39,-4.65,13.5
5.082773208618164,2.81,16.54,-3.42,17.12
5.092735290527344,-3.2,28.12,-0.06,28.3
5.102765083312988,18.48,7.42,-5.86,20.75
5.112985134124756,17.66,16.86,-8.07,25.71
5.131347179412842,10.34,19.29,-5.31,22.52
5.1345720291137695,23.64,9.11,-4.01,25.64
5.143645286560059,37.81,10.53,-3.21,39.37
5.152754306793213,33.49,10.58,-12.69,37.34
5.162785053253174,22.41,9.2,-12.59,27.3
5.172773122787476,15.85,11.64,-8.24,21.32
5.182819128036499,0.05,28.6,-1.35,28.63
5.192759990692139,-21.57,33.78,-0.14,40.07
5.202768325805664,6.64,-17.73,-15.83,24.67
5.212721109390259,8.56,-8.0,2.04,11.89
5.231614112854004,-0.32,2.53,16.79,16.98
5.234831094741821,-1.15,-5.31,4.63,7.13
5.2427802085876465,-7.95,-0.56,-13.71,15.85
5.252638101577759,0.27,1.52,-13.96,14.04
5.262725114822388,7.99,1.23,-3.17,8.68
5.272720098495483,6.81,2.49,2.28,7.6
5.282931089401245,5.06,4.14,-2.27,6.92
5.292761325836182,3.06,2.1,-5.46,6.6
5.302628993988037,9.43,2.49,-1.98,9.95
5.3126912117004395,26.59,6.93,2.04,27.55
5.331284999847412,5.76,2.23,-8.02,10.12
5.334423065185547,-4.26,-1.01,-5.54,7.06
5.34270715713501,3.68,0.38,-3.53,5.11
5.3526530265808105,5.52,0.27,-3.06,6.31
5.362603187561035,0.52,-0.02,-1.56,1.64
5.372704029083252,0.23,-0.11,-1.13,1.15
5.3826751708984375,0.9,-0.04,-0.76,1.17
5.392702102661133,-0.54,-0.11,-0.54,0.77
5.4026031494140625,-0.75,0.0,-0.09,0.75
5.412605285644531,0.11,0.2,0.44,0.49
5.431048154830933,0.38,0.3,0.93,1.04
5.433971166610718,0.64,0.22,1.5,1.64
5.442652225494385,0.72,0.08,1.26,1.45
5.452556133270264,0.32,-0.07,0.67,0.74
5.462583065032959,0.01,-0.08,0.5,0.5
5.472568988800049,-0.36,-0.04,0.16,0.39
5.482652187347412,-0.67,-0.09,-0.67,0.95
5.492602109909058,-0.37,-0.13,-1.35,1.4
5.502537250518799,0.11,-0.13,-1.24,1.25
5.512595176696777,0.07,0.05,-0.16,0.18
5.531095027923584,-1.03,0.13,0.94,1.4
5.53403902053833,-1.29,0.07,1.55,2.01
5.542634010314941,-0.74,0.1,1.4,1.58
5.552553176879883,-0.49,0.19,0.71,0.88
5.56259298324585,0.06,0.13,1.17,1.17
5.572646141052246,-0.09,0.15,1.9,1.9
5.582673072814941,-0.26,0.08,1.19,1.22
5.592651128768921,-0.26,0.03,2.26,2.27
5.6025230884552,-0.41,0.1,-0.2,0.46
5.612544059753418,0.11,0.25,0.95,0.98
5.631697177886963,-1.18,0.45,-0.58,1.38
5.634728193283081,-0.68,0.06,-1.06,1.26
5.642656326293945,-0.5,0.23,-1.3,1.41
5.6525702476501465,-0.35,-0.15,-1.0,1.07
5.662530183792114,-0.26,0.0,-0.34,0.42
5.672394275665283,-0.82,0.48,-0.1,0.95
5.682541131973267,-1.41,0.85,0.46,1.7
5.692618131637573,-1.95,1.2,0.8,2.42
5.702546119689941,-2.95,2.22,1.39,3.94
5.71254825592041,-4.83,2.37,1.06,5.48
5.732114315032959,-2.92,1.61,0.36,3.35
5.735080242156982,-2.55,1.67,0.56,3.09
5.74258017539978,-3.93,2.18,0.96,4.59
5.752517223358154,-4.02,3.12,1.29,5.24
5.762526988983154,-3.98,2.57,2.25,5.24
5.772500038146973,-3.77,2.51,1.81,4.87
5.78245210647583,-4.09,2.77,1.41,5.13
5.79248309135437,-4.83,3.17,2.81,6.42
5.80244517326355,-6.63,3.67,4.17,8.64
5.812462091445923,-8.14,3.95,3.92,9.86
5.832589149475098,-9.92,3.83,3.85,11.3
5.8356032371521,-12.45,4.0,4.96,13.98
5.842514991760254,-14.66,4.67,4.91,16.15
5.852522134780884,-17.23,3.9,3.57,18.02
5.8624773025512695,-19.12,4.85,2.31,19.86
5.87242317199707,-18.06,6.96,2.96,19.57
5.88249397277832,-12.64,13.24,5.05,18.98
5.892534255981445,-0.92,19.33,2.0,19.45
5.902469158172607,8.89,17.68,2.51,19.94
5.912461280822754,1.64,15.88,5.75,16.96
5.932131290435791,-8.06,16.16,7.39,19.51
5.934941291809082,-12.76,14.83,12.12,23.01
5.942625999450684,-22.49,7.05,14.29,27.56
5.952486038208008,-15.83,-4.56,4.06,16.96
5.962478160858154,33.76,-7.06,-3.62,34.67
5.9722580909729,17.11,-2.45,7.8,18.96
5.982318162918091,-4.84,-0.4,9.72,10.86
5.992556095123291,-11.45,-1.27,10.98,15.91
6.002447128295898,-18.59,-3.34,9.01,20.92
6.01241397857666,-21.0,-4.32,5.97,22.25
6.03365421295166,-17.94,-4.68,4.66,19.11
6.036628246307373,-14.2,-4.5,3.99,15.42
6.0424323081970215,-10.12,-4.83,4.33,12.02
6.052438259124756,-7.56,-5.56,3.97,10.18
6.06243109703064,-7.01,-6.25,3.47,10.01
6.072254180908203,-8.39,-6.52,2.91,11.01
6.082379102706909,-10.16,-5.95,3.12,12.18
6.092406272888184,-10.69,-4.11,3.9,12.09
6.10299015045166,-9.59,-1.89,4.76,10.87
6.1124372482299805,-7.64,-0.52,4.78,9.02
6.133378982543945,-5.31,0.18,3.15,6.17
6.136312007904053,-3.13,0.66,2.28,3.92
6.142453193664551,-2.44,1.39,2.85,4.0
6.1524763107299805,-2.5,2.88,3.82,5.39
6.1623711585998535,-1.57,4.4,4.13,6.23
6.1722681522369385,0.96,5.75,3.69,6.89
6.182300090789795,4.76,6.85,2.82,8.8
6.192468166351318,6.96,7.05,2.04,10.11
6.202394008636475,6.16,7.53,1.77,9.88
6.212417125701904,4.7,8.67,1.24,9.93
6.234352111816406,4.67,10.19,0.94,11.24
6.2376580238342285,5.64,12.18,1.57,13.51
6.242735147476196,6.5,14.31,2.41,15.9
6.252685070037842,7.23,15.13,1.69,16.85
6.262706279754639,9.28,14.03,0.13,16.82
6.272187232971191,14.3,12.95,1.22,19.33
6.282327175140381,21.3,11.77,3.77,24.62
6.292401313781738,27.7,11.98,3.16,30.34
6.302601099014282,27.27,11.0,-5.52,29.91
6.312378168106079,25.74,6.42,-15.01,30.48
6.3340630531311035,22.65,7.61,-13.82,27.6
6.336987018585205,15.41,13.09,-7.35,21.51
6.342257976531982,10.66,15.05,-4.41,18.96
6.352330207824707,8.0,10.02,-5.96,14.13
6.362300157546997,-22.93,40.75,2.61,46.83
6.372287273406982,-34.98,18.93,-3.54,39.93
6.382389068603516,26.4,-35.68,-22.94,49.96
6.392317295074463,10.18,6.73,15.76,19.93
6.402249097824097,-11.98,-6.32,12.4,18.36
6.412321090698242,-10.03,-3.84,-14.74,18.23
6.434244155883789,8.17,3.55,-18.79,20.79
6.437065124511719,9.09,4.54,-5.13,11.38
6.442272186279297,7.75,4.48,-1.99,9.17
6.452277183532715,9.11,5.11,-4.8,11.49
6.462271213531494,9.32,4.4,-2.56,10.61
6.472294092178345,6.34,1.96,-2.77,7.19
6.482303142547607,17.14,4.64,-1.38,17.81
6.492329120635986,7.97,1.46,-2.79,8.56
6.502289295196533,-1.97,-0.16,-3.85,4.32
6.512267112731934,3.91,0.05,-1.54,4.2
6.535404205322266,4.79,0.51,-1.91,5.18
6.538470268249512,1.23,-0.14,-2.07,2.41
6.542301177978516,0.43,-0.09,-1.87,1.92
6.552244186401367,-0.19,-0.23,-1.81,1.83
6.562262058258057,-0.75,-0.16,-1.23,1.44
6.572281122207642,-0.38,-0.11,-1.03,1.1
6.582237243652344,0.41,0.15,-0.15,0.46
6.592302322387695,0.51,0.22,0.72,0.9
6.602238178253174,0.37,0.22,1.5,1.56
6.612184047698975,0.38,0.14,1.72,1.76
6.635326147079468,0.56,0.11,1.83,1.91
6.638298988342285,0.21,-0.02,1.48,1.49
6.642187118530273,-0.35,-0.07,0.6,0.69
6.652202129364014,-0.79,-0.15,-0.42,0.9
6.662154197692871,-0.49,-0.19,-1.16,1.27
6.672279119491577,-0.28,-0.11,-1.09,1.13
6.682147979736328,-0.11,-0.06,-0.65,0.66
6.6921610832214355,0.49,0.0,-0.2,0.52
6.702145099639893,0.3,-0.02,0.46,0.54
6.7121500968933105,-0.55,-0.02,1.1,1.23
6.736171245574951,-0.98,0.09,1.53,1.81
6.739652156829834,-1.27,0.08,1.84,2.23
6.742170095443726,-0.38,0.11,1.74,1.78
6.752200126647949,-0.55,0.13,1.71,1.8
6.7621541023254395,0.15,0.23,1.4,1.42
6.772393226623535,0.88,-0.06,0.94,1.28
6.782144069671631,0.14,-0.17,0.18,0.28
6.7921741008758545,-0.26,-0.07,-0.63,0.68
6.802184104919434,-0.07,0.01,-0.9,0.9
6.812161207199097,-0.16,0.05,-0.72,0.73
6.835795164108276,-0.53,0.17,-0.09,0.56
6.8391571044921875,-0.74,0.49,0.42,0.98
6.842174053192139,-1.18,0.96,0.49,1.59
6.852153301239014,-2.62,1.8,0.51,3.21
6.862073183059692,-4.32,2.4,1.15,5.07
6.872385025024414,-4.2,1.8,-0.35,4.58
6.882156133651733,-2.24,1.01,0.06,2.45
6.892196178436279,-1.93,1.2,0.2,2.28
6.902194023132324,-1.96,1.45,0.36,2.46
6.912147045135498,-2.57,1.85,0.87,3.28
6.936256170272827,-2.51,1.86,1.78,3.59
6.9398980140686035,-3.37,2.09,1.64,4.29
6.942174196243286,-4.09,3.02,1.1,5.2
6.952155113220215,-4.43,3.39,1.53,5.78
6.962114095687866,-4.76,3.05,3.43,6.61
6.972541093826294,-5.39,3.47,4.23,7.68
6.982063293457031,-6.83,3.68,2.98,8.31
6.992135047912598,-9.16,4.64,2.48,10.56
7.002097129821777,-11.41,4.25,4.08,12.84
7.0121071338653564,-13.18,3.89,4.85,14.57
7.0355682373046875,-14.64,3.38,3.49,15.42
7.0386621952056885,-16.8,2.43,2.4,17.14
7.042150020599365,-18.43,3.61,2.53,18.94
7.052173137664795,-13.46,8.12,4.14,16.25
7.062104225158691,-6.93,12.76,5.75,15.61
7.072472095489502,7.04,23.1,5.56,24.78
7.082391262054443,6.0,18.28,5.32,19.96
7.092449188232422,-5.37,16.54,7.67,19.0
7.102165222167969,-9.14,18.18,10.84,23.05
7.112037181854248,-9.19,13.95,13.95,21.76
7.122034072875977,-18.12,-3.24,9.88,20.89
7.138845205307007,15.55,-7.33,-4.1,17.67
7.142055988311768,23.98,-0.97,6.79,24.94
7.152101993560791,-4.52,1.39,6.94,8.39
7.162071228027344,-12.14,-0.83,9.93,15.7
7.172008991241455,-16.17,-3.62,8.34,18.55
7.181938171386719,-20.4,-4.8,6.19,21.85
7.192131996154785,-18.65,-4.99,5.64,20.11
7.202069282531738,-16.74,-5.01,4.71,18.09
7.212063312530518,-13.52,-4.81,4.65,15.08
7.221980094909668,-9.87,-4.78,4.6,11.89
7.239185094833374,-6.91,-5.09,4.03,9.48
7.241899013519287,-5.07,-5.75,3.32,8.35
7.251983165740967,-5.06,-6.23,2.7,8.46
7.261942148208618,-6.01,-6.01,2.38,8.82
7.272017002105713,-7.37,-5.11,2.43,9.29
7.282009124755859,-7.38,-3.97,2.79,8.83
7.2920989990234375,-6.01,-3.25,2.77,7.37
7.3019843101501465,-4.65,-2.75,2.54,5.96
7.312041282653809,-3.87,-2.34,2.52,5.17
7.322020053863525,-4.32,-1.42,2.61,5.24
7.33994722366333,-4.02,-0.05,2.72,4.85
7.342249155044556,-2.91,1.14,3.1,4.4
7.351984024047852,-1.97,2.22,3.31,4.44
7.361998081207275,-0.39,3.6,2.69,4.51
7.371901988983154,2.77,4.87,1.19,5.72
7.381955146789551,5.09,5.76,0.51,7.7
7.391999244689941,4.66,6.72,-0.2,8.18
7.401965141296387,4.49,8.12,-1.46,9.39
7.411993026733398,5.3,9.6,-2.74,11.3
7.422280311584473,6.19,11.82,-3.1,13.69
7.439638137817383,6.71,14.66,-2.69,16.34
7.442358016967773,7.73,16.82,-1.67,18.58
7.452279090881348,10.05,18.47,-1.47,21.07
7.4622931480407715,12.83,17.76,-4.45,22.35
7.471877098083496,15.89,14.83,-6.84,22.78
7.481927156448364,21.89,10.43,-5.65,24.89
7.491917133331299,31.58,12.71,-5.02,34.4
7.501968145370483,28.07,12.58,-13.15,33.45
7.511977195739746,20.66,9.37,-13.83,26.56
7.521952152252197,16.72,10.62,-9.32,21.89
7.539185047149658,13.93,12.06,-5.48,19.22
7.541916131973267,-24.01,44.02,9.53,51.03
7.551904201507568,-28.15,3.7,-6.54,29.13
7.561918258666992,10.22,-22.46,-13.39,28.07
7.571897029876709,-6.89,0.19,12.94,14.66
7.581902027130127,-1.25,-5.31,9.69,11.12
7.591917037963867,10.67,1.31,-4.46,11.63
7.601869106292725,12.36,4.25,-12.35,17.98
7.61186408996582,0.39,2.08,-2.94,3.62
7.621857166290283,-1.61,1.55,-0.98,2.44
7.638991117477417,7.48,3.34,-4.09,9.15
7.6418421268463135,8.64,4.88,-5.54,11.36
7.651890277862549,4.18,1.56,-5.49,7.07
7.661937236785889,3.1,0.96,-2.64,4.18
7.671841144561768,16.71,4.58,0.0,17.32
7.681844234466553,9.28,2.06,-3.12,10.0
7.6919403076171875,-2.37,-0.6,-4.5,5.12
7.701901197433472,1.21,-0.05,-2.68,2.94
7.711931228637695,4.22,0.63,-2.23,4.81
7.721915245056152,1.76,0.07,-0.81,1.93
7.740921974182129,0.1,0.02,-0.38,0.39
7.743062973022461,0.48,0.0,-0.38,0.61
7.751864194869995,-0.29,-0.11,-0.08,0.32
7.761872291564941,-1.23,-0.1,0.29,1.26
7.771790981292725,-0.57,0.1,0.75,0.94
7.781828165054321,0.7,0.3,0.89,1.17
7.791790008544922,0.65,0.25,1.34,1.51
7.8018622398376465,0.35,0.07,0.92,0.98
7.811874151229858,0.43,0.03,0.32,0.53
7.8217761516571045,-0.4,0.02,0.22,0.45
7.840039253234863,-0.62,0.02,0.12,0.63
7.842010974884033,-0.3,-0.02,-0.58,0.65
7.8518781661987305,-0.36,-0.13,-1.03,1.09
7.86188817024231,0.02,-0.05,-0.44,0.44
7.871751308441162,0.21,0.07,0.3,0.37
7.881842136383057,0.27,0.06,0.58,0.64
7.891785144805908,0.6,-0.01,0.6,0.84
7.901794195175171,0.26,-0.02,0.51,0.57
7.9118781089782715,-0.62,0.02,0.32,0.69
7.921802043914795,-0.64,-0.02,0.44,0.77
7.940989017486572,-0.57,0.13,0.69,0.9
7.943162202835083,-0.62,0.05,0.67,0.91
7.951645135879517,-0.32,0.0,0.7,0.76
7.961653232574463,-0.25,0.11,1.12,1.15
7.971703052520752,-0.32,0.15,1.01,1.07
7.981698036193848,-0.5,0.24,0.96,1.1
7.991711139678955,-0.58,0.48,0.5,0.9
8.001756191253662,-0.36,0.53,-0.05,0.64
8.011622190475464,-0.29,0.37,-0.29,0.55
8.02161717414856,-1.3,0.71,-0.11,1.48
8.04028606414795,-2.91,1.37,-0.62,3.27
8.042559146881104,-3.15,1.46,-0.09,3.47
8.051611185073853,-2.91,1.41,0.34,3.25
8.061575174331665,-2.19,1.1,0.19,2.45
8.07153606414795,-2.19,1.05,-0.48,2.47
8.081574201583862,-1.77,0.89,-0.43,2.02
8.091573238372803,-1.99,0.95,0.19,2.21
8.101622104644775,-2.55,1.58,0.76,3.09
8.111608982086182,-3.3,2.24,1.05,4.12
8.121670246124268,-3.55,2.23,1.09,4.33
8.141592979431152,-3.5,2.73,2.45,5.07
8.143749237060547,-3.82,3.03,5.12,7.07
8.151626110076904,-5.16,3.5,5.32,8.19
8.161571979522705,-6.69,3.32,2.99,8.04
8.171561241149902,-8.22,3.25,1.19,8.91
8.181581974029541,-10.34,4.31,2.94,11.58
8.191776275634766,-12.48,3.98,5.01,14.02
8.201708316802979,-12.8,3.5,5.24,14.26
8.211738109588623,-13.9,2.77,3.86,14.68
8.221678256988525,-16.09,3.21,3.02,16.68
8.240763187408447,-14.51,4.36,3.5,15.54
8.242927074432373,-9.8,10.68,7.02,16.1
8.25210428237915,-5.06,16.79,5.38,18.34
8.261650085449219,4.77,19.88,3.93,20.81
8.271592140197754,4.19,12.9,4.08,14.16
8.28160810470581,-4.97,16.03,8.95,19.02
8.291689157485962,-14.87,13.52,10.35,22.6
8.30176830291748,-18.77,9.78,13.08,24.88
8.311697006225586,-31.86,-0.05,14.3,34.92
8.321635246276855,-7.33,-4.24,-2.68,8.88
8.341057300567627,30.49,-3.76,-1.35,30.75
8.343237161636353,13.6,-0.15,3.62,14.07
8.351636171340942,3.06,-0.78,6.81,7.5
8.361645221710205,-1.72,-1.05,7.97,8.22
8.371623992919922,-7.87,-2.45,7.29,11.0
8.381673097610474,-12.46,-3.86,5.99,14.35
8.391623973846436,-14.1,-4.83,4.55,15.58
8.401660203933716,-14.07,-4.81,3.87,15.36
8.411695003509521,-12.37,-4.76,4.14,13.88
8.421614170074463,-10.22,-5.04,3.6,11.95
8.442168235778809,-7.98,-5.46,3.25,10.2
8.444371223449707,-6.52,-5.91,3.05,9.31
8.451679229736328,-6.37,-6.08,3.04,9.31
8.46234130859375,-7.07,-5.72,3.14,9.62
8.471594095230103,-7.85,-4.92,3.21,9.8
8.481584072113037,-8.26,-4.06,3.03,9.68
8.491569995880127,-7.83,-3.24,2.75,8.9
8.501691102981567,-7.47,-2.27,2.64,8.24
8.511545181274414,-7.44,-1.06,2.64,7.96
8.521547317504883,-6.66,0.24,2.53,7.12
8.541470050811768,-5.58,1.62,2.6,6.36
8.54364824295044,-3.95,3.24,3.07,5.96
8.551555156707764,-0.98,5.02,3.33,6.1
8.561653137207031,1.43,6.31,3.64,7.42
8.571555137634277,2.64,7.74,2.75,8.62
8.581610202789307,3.58,9.31,0.63,9.99
8.59196424484253,6.09,10.57,-2.32,12.41
8.601901054382324,10.56,12.25,-3.57,16.56
8.612040996551514,15.13,14.34,-2.88,21.04
8.621828079223633,15.18,15.58,-2.53,21.89
8.64218807220459,12.11,15.28,-3.47,19.8
8.64437198638916,11.32,14.95,-4.02,19.17
8.651499271392822,14.42,14.01,-2.19,20.22
8.661514282226562,22.87,10.01,1.12,24.98
8.671748161315918,36.16,9.94,1.54,37.53
8.681474208831787,37.6,7.85,-6.62,38.97
8.691598176956177,27.44,3.82,-13.56,30.84
8.70154619216919,17.76,8.05,-12.01,22.9
8.71157717704773,-7.84,34.87,3.0,35.86
8.721907138824463,-46.65,52.6,19.45,72.94
8.742234230041504,16.64,-36.63,-35.76,53.82
8.744457244873047,21.03,2.37,-2.2,21.27
8.751530170440674,-2.12,1.16,8.74,9.06
8.761558055877686,2.92,-6.1,10.07,12.13
8.771505117416382,-2.5,0.47,-2.44,3.52
8.781485080718994,-5.25,1.88,-20.34,21.09
8.791495323181152,1.64,3.27,-6.63,7.57
8.801529169082642,11.02,4.43,-0.58,11.89
8.811532974243164,12.47,6.48,-6.28,15.39
8.821438312530518,5.33,1.26,-5.57,7.81
8.842130184173584,12.87,4.96,-1.86,13.91
8.84432315826416,17.36,2.21,1.83,17.59
8.851474285125732,1.1,1.37,-4.07,4.43
8.8616361618042,-1.54,-0.84,-2.98,3.45
8.871401309967041,4.15,0.62,-0.73,4.25
8.881474018096924,3.25,0.35,-0.72,3.34
8.891378164291382,0.69,-0.09,-0.85,1.09
8.90148401260376,-0.43,-0.22,-1.4,1.48
8.911646127700806,-0.8,-0.26,-1.41,1.64
8.921480178833008,-0.78,-0.19,-1.33,1.55
8.943408012390137,-0.11,0.02,-0.72,0.72
8.94599199295044,-0.24,0.18,-0.06,0.3
8.951378107070923,-0.15,0.29,0.97,1.02
8.961408138275146,-0.1,0.29,1.62,1.64
8.97144603729248,0.05,0.23,2.59,2.6
8.981418132781982,0.53,0.12,2.19,2.25
8.991368293762207,0.48,-0.09,0.5,0.69
9.001341104507446,-0.33,-0.09,-0.56,0.65
9.01140308380127,-0.27,0.02,-0.76,0.8
9.021334171295166,0.16,0.02,-0.59,0.61
9.04253625869751,0.3,0.0,-0.76,0.81
9.044686317443848,-0.52,0.0,-0.68,0.85
9.051421165466309,-0.66,0.11,0.33,0.74
9.061653137207031,-0.43,0.09,0.88,0.98
9.07143497467041,-0.14,0.13,0.9,0.92
9.081459045410156,0.13,0.18,0.91,0.93
9.09125804901123,-0.03,0.18,1.29,1.3
9.10137128829956,-0.22,0.15,1.66,1.68
9.111423969268799,-0.16,0.19,1.38,1.4
9.12140417098999,-0.6,0.14,2.66,2.73
9.143676280975342,-0.82,0.38,-0.92,1.28
9.145884037017822,0.57,-0.03,-0.12,0.58
9.151312112808228,-0.54,0.39,-0.65,0.93
9.161416053771973,-1.08,0.47,-0.09,1.18
9.171370029449463,-2.33,1.09,-0.18,2.57
9.18139123916626,-2.6,1.04,-0.11,2.8
9.191301107406616,-0.93,0.26,0.17,0.98
9.201375007629395,-0.54,0.32,0.13,0.64
9.211392164230347,-1.11,0.43,0.24,1.21
9.221360206604004,-1.47,0.57,0.58,1.67
9.242650032043457,-1.47,0.71,0.55,1.72
9.244678974151611,-1.58,0.59,0.47,1.75
9.251280307769775,-1.36,0.45,-0.2,1.44
9.261397123336792,-1.09,0.74,-0.17,1.32
9.271321296691895,-2.15,1.34,1.01,2.72
9.281282186508179,-3.11,1.97,1.61,4.01
9.291200160980225,-3.59,2.3,1.07,4.39
9.301371097564697,-3.25,2.12,0.91,3.98
9.311385154724121,-3.33,2.56,2.69,4.98
9.321278095245361,-4.45,3.23,4.88,7.35
9.342700004577637,-5.45,3.61,4.78,8.09
9.344864130020142,-6.66,3.88,2.81,8.2
9.351322174072266,-9.39,4.25,1.87,10.47
9.36201524734497,-12.06,4.3,3.17,13.19
9.371244192123413,-13.71,3.58,3.19,14.52
9.381253242492676,-14.92,2.59,2.06,15.28
9.391124248504639,-16.58,2.4,1.24,16.79
9.401262283325195,-17.36,3.98,1.54,17.87
9.411303043365479,-13.2,8.13,4.81,16.23
9.421564102172852,-9.55,12.59,6.79,17.19
9.443722248077393,2.79,20.3,4.26,20.92
9.445963144302368,8.88,18.07,4.65,20.66
9.451550006866455,1.62,14.25,5.24,15.26
9.461311101913452,-6.79,16.04,9.52,19.84
9.471212148666382,-13.43,12.73,10.81,21.43
9.481358051300049,-19.77,2.73,11.98,23.27
9.491119146347046,-8.69,-4.29,0.62,9.71
9.501235008239746,29.73,-3.99,0.58,30.0
9.511263132095337,10.84,0.73,6.16,12.48
9.521200180053711,-2.88,0.51,8.38,8.87
9.543504238128662,-8.51,-1.85,8.93,12.47
9.546312093734741,-15.21,-3.64,7.71,17.43
9.551200151443481,-17.29,-4.1,6.15,18.8
9.561145305633545,-16.92,-4.55,5.08,18.24
9.57115125656128,-14.99,-4.93,5.04,16.56
9.581207275390625,-12.7,-5.04,4.49,14.38
9.591081142425537,-9.74,-5.06,4.1,11.71
9.601152181625366,-6.95,-5.26,3.58,9.42
9.611179113388062,-4.53,-5.56,3.25,7.87
9.621147155761719,-3.37,-6.0,3.23,7.6
9.64417815208435,-3.68,-6.2,3.09,7.84
9.646584033966064,-4.5,-6.0,3.08,8.1
9.651173114776611,-5.5,-5.6,3.51,8.59
9.66207218170166,-6.42,-4.81,4.02,8.97
9.671166181564331,-6.67,-3.6,4.65,8.89
9.681244134902954,-6.49,-2.22,5.27,8.64
9.691017150878906,-6.15,-0.88,4.69,7.78
9.701219081878662,-4.38,0.24,3.6,5.67
9.72858214378357,-2.57,1.07,3.94,4.82
9.731358051300049,-1.81,2.54,4.25,5.27
9.734086990356445,0.64,4.47,3.55,5.74
9.741215229034424,4.92,6.14,3.24,8.5
9.751173973083496,7.66,7.42,3.01,11.08
9.761181116104126,7.21,8.18,1.54,11.01
9.771154165267944,5.06,8.72,-0.37,10.08
9.78120231628418,3.82,9.58,-2.12,10.52
9.791234016418457,4.6,12.2,-2.07,13.2
9.801405191421509,4.44,15.72,-0.59,16.34
9.829960107803345,4.67,17.55,0.05,18.16
9.832739114761353,9.18,18.48,1.26,20.67
9.835464000701904,14.11,17.79,0.94,22.72
9.841135025024414,24.38,12.79,0.47,27.53
9.851125240325928,36.56,13.8,-5.14,39.41
9.861120223999023,34.16,10.86,-15.35,38.99
9.871081113815308,24.13,8.79,-16.02,30.26
9.881150245666504,12.7,12.76,-9.78,20.48
9.89131498336792,9.09,14.06,-1.84,16.84
9.901525020599365,-7.31,31.6,4.68,32.77
9.931187152862549,-45.12,35.57,10.27,58.36
9.933925151824951,10.66,-34.29,-34.17,49.56
9.936804294586182,15.21,-0.5,-0.46,15.22
9.941357135772705,-4.68,-4.73,15.0,16.4
9.95110011100769,-2.28,-2.38,5.49,6.4
9.96113920211792,-1.3,-0.74,-13.96,14.03
9.97102403640747,8.29,4.23,-13.32,16.24
9.981012105941772,7.52,4.94,1.07,9.06
9.991286277770996,6.19,3.7,-3.98,8.23
10.00095009803772,9.91,4.78,-6.65,12.85
10.031219005584717,6.71,2.7,-3.64,8.09
10.033993244171143,8.9,3.32,-1.48,9.61
10.036869049072266,18.89,4.36,-0.07,19.38
10.041240215301514,1.01,0.82,-4.5,4.68
10.051002979278564,-1.86,-0.72,-4.66,5.06
10.060939311981201,4.16,0.3,-2.33,4.77
10.070913314819336,3.82,0.41,-1.24,4.03
10.08095932006836,0.21,-0.1,-0.93,0.95
10.090983152389526,-0.16,-0.07,-0.98,0.99
10.100974082946777,0.5,0.0,-0.93,1.05
10.130205154418945,-0.25,-0.08,-0.23,0.34
10.132951259613037,-0.94,-0.01,0.55,1.08
10.13582706451416,-0.5,0.1,1.13,1.23
10.1409273147583,0.65,0.29,1.81,1.94
10.150926113128662,0.88,0.23,1.96,2.16
10.161004066467285,0.39,0.09,1.59,1.63
10.170972108840942,0.15,0.03,1.01,1.02
10.180942058563232,-0.34,-0.01,0.5,0.6
10.190945148468018,-0.92,-0.15,-0.09,0.93
10.200935125350952,-0.5,-0.19,-0.81,0.97
10.230926990509033,0.03,-0.2,-1.23,1.24
10.233667135238647,0.47,-0.04,-1.08,1.17
10.236528158187866,0.36,0.0,-0.45,0.57
10.240914106369019,-0.09,0.1,0.34,0.36
10.250908136367798,-0.19,0.09,0.82,0.84
10.260963201522827,-0.24,0.1,1.17,1.19
10.270924091339111,-0.71,0.01,1.01,1.23
10.280935287475586,-0.44,0.11,1.16,1.24
10.290874004364014,-0.5,0.27,1.2,1.32
10.300876140594482,-0.56,0.08,0.99,1.14
10.331844091415405,0.05,-0.03,0.22,0.22
10.33457612991333,0.68,-0.04,-0.13,0.69
10.337450981140137,0.44,-0.16,-0.51,0.69
10.340960025787354,0.13,-0.17,-0.58,0.61
10.351002216339111,0.12,-0.17,-0.43,0.47
10.361014127731323,-0.25,0.03,-0.01,0.25
10.370946168899536,-0.71,0.26,0.51,0.91
10.380825996398926,-1.39,1.08,0.73,1.9
10.39080810546875,-4.02,2.67,0.69,4.87
10.40084719657898,-4.07,1.87,0.29,4.48
10.430740118026733,-1.63,1.2,0.03,2.02
10.433462142944336,-1.47,0.86,-0.17,1.71
10.43634819984436,-1.89,0.89,-0.24,2.1
10.440834999084473,-2.47,1.61,0.26,2.95
10.450918197631836,-2.9,1.81,0.73,3.49
10.46083927154541,-3.08,1.65,0.78,3.58
10.470794200897217,-3.65,2.44,0.92,4.48
10.48084306716919,-3.84,2.44,1.12,4.68
10.490781307220459,-4.1,3.39,3.11,6.16
10.50102710723877,-5.2,3.93,5.77,8.7
10.532089233398438,-6.61,4.3,6.05,9.93
10.534813165664673,-7.45,3.82,3.49,9.07
10.537689208984375,-9.15,4.06,1.91,10.19
10.540802001953125,-11.42,3.24,3.38,12.34
10.550821304321289,-13.21,3.32,4.27,14.27
10.560791015625,-13.62,3.15,2.89,14.27
10.570801258087158,-16.49,1.28,2.35,16.7
10.580806255340576,-18.16,2.57,3.04,18.59
10.590788125991821,-12.12,7.84,4.57,15.14
10.600813150405884,-8.32,11.75,6.65,15.85
10.631816148757935,2.76,20.43,5.39,21.3
10.634595155715942,8.51,20.63,6.83,23.33
10.63754415512085,-1.01,16.01,9.23,18.5
10.640729188919067,-6.69,15.57,10.46,19.91
10.65077519416809,-11.09,10.94,12.6,20.03
10.660767078399658,-23.32,-0.55,11.23,25.88
10.670758247375488,4.72,-5.11,-4.05,8.04
10.680753231048584,27.11,-1.75,3.32,27.36
10.690765142440796,2.86,1.15,6.24,6.95
10.70077109336853,-4.69,-0.51,9.76,10.84
10.732046127319336,-10.58,-3.01,8.84,14.11
10.734790325164795,-16.97,-4.68,6.12,18.63
10.737681150436401,-16.82,-5.6,4.46,18.28
10.740746021270752,-15.04,-6.17,3.53,16.63
10.750745296478271,-13.34,-6.35,3.58,15.2
10.760775089263916,-10.96,-6.17,3.9,13.16
10.770733118057251,-8.66,-6.07,3.97,11.29
10.780755996704102,-6.7,-6.06,3.61,9.72
10.790733098983765,-4.86,-6.2,3.08,8.45
10.80074405670166,-3.76,-6.6,2.72,8.06
10.83212423324585,-4.0,-6.77,2.57,8.27
10.834896087646484,-5.29,-6.27,2.41,8.55
10.837748050689697,-6.06,-5.53,2.54,8.58
10.840699195861816,-6.5,-4.96,2.73,8.62
10.850878238677979,-7.18,-4.06,3.16,8.83
10.860840320587158,-7.84,-2.55,3.38,8.91
10.870625972747803,-7.07,-0.87,2.65,7.6
10.880670070648193,-4.62,0.4,2.23,5.14
10.890722274780273,-3.38,1.6,2.97,4.77
10.900722980499268,-2.29,3.63,2.63,5.03
10.93262529373169,0.68,5.22,0.95,5.34
10.93539810180664,3.88,6.2,-0.08,7.31
10.938263177871704,4.96,7.65,-0.49,9.13
10.940542221069336,4.08,9.17,-1.21,10.1
10.950661182403564,2.53,10.56,-2.66,11.17
10.960721969604492,2.04,11.97,-4.04,12.79
10.97078800201416,2.55,14.46,-4.28,15.29
10.980708122253418,3.83,17.2,-2.29,17.76
10.99074125289917,7.02,19.65,-0.28,20.86
11.000667095184326,10.07,19.89,-1.39,22.33
11.03320026397705,14.07,14.79,-2.99,20.63
11.036153316497803,26.16,12.42,-5.38,29.45
11.038884162902832,33.77,13.79,-14.52,39.26
11.041046142578125,30.73,9.24,-17.38,36.49
11.050639152526855,19.15,9.85,-13.18,25.24
11.060580253601074,12.93,14.41,-3.25,19.63
11.070702075958252,9.2,19.64,2.59,21.84
11.080655097961426,-41.92,51.09,19.27,68.83
11.090607166290283,-12.88,-23.31,-17.4,31.81
11.10059118270874,22.35,-15.26,-16.38,31.63
11.132991313934326,-4.73,-0.31,24.58,25.03
11.135914325714111,1.95,-2.76,6.91,7.69
11.138621091842651,8.92,1.63,-9.35,13.02
11.140764236450195,8.85,4.17,-11.7,15.25
11.150713205337524,2.12,4.08,-0.33,4.6
11.160667181015015,5.69,3.76,-3.94,7.87
11.17069411277771,9.65,4.42,-10.57,14.97
11.180781126022339,8.43,3.77,-7.23,11.72
11.190648078918457,4.16,1.32,-3.46,5.56
11.200749158859253,14.42,4.96,-1.08,15.28
11.234936237335205,11.61,1.51,-1.16,11.76
11.23789930343628,-1.45,0.28,-5.13,5.33
11.240609169006348,1.26,-0.49,-2.55,2.88
11.24314022064209,4.16,0.62,-1.06,4.33
11.25107717514038,1.45,0.12,-1.1,1.82
11.260626316070557,-0.04,-0.06,-0.74,0.74
11.270570278167725,0.17,-0.07,-0.96,0.97
11.280660152435303,-0.53,-0.14,-0.85,1.01
11.290695190429688,-1.08,-0.07,-0.2,1.1
11.300692081451416,-1.1,0.03,0.45,1.18
11.334559202194214,-0.09,0.3,1.26,1.29
11.337469100952148,1.0,0.28,1.19,1.57
11.340129137039185,0.84,0.11,1.25,1.51
11.342637062072754,0.33,0.08,1.22,1.26
11.350687980651855,-0.25,0.05,1.1,1.12
11.360674142837524,-0.76,0.02,0.36,0.84
11.370684146881104,-0.3,-0.04,-0.63,0.69
11.380654096603394,-0.3,-0.09,-1.11,1.15
11.390624046325684,0.02,0.07,-0.68,0.68
11.400627136230469,0.77,0.01,-0.35,0.84
11.434638977050781,0.76,-0.01,-0.04,0.76
11.437551975250244,0.37,-0.05,0.13,0.39
11.440232276916504,0.41,-0.07,0.01,0.41
11.442755222320557,0.39,-0.08,-0.1,0.41
11.450679302215576,-0.18,0.02,0.24,0.3
11.460620164871216,-0.87,0.15,0.63,1.08
11.470631122589111,-0.8,0.22,0.45,0.94
11.480643272399902,-0.07,0.21,0.85,0.87
11.49057412147522,-0.49,0.17,0.92,1.05
11.500582218170166,0.08,0.05,0.86,0.86
11.534399032592773,0.62,-0.07,0.59,0.85
11.537329196929932,0.18,-0.01,0.4,0.43
11.540016174316406,-0.25,0.11,0.37,0.45
11.542527198791504,-0.42,0.3,0.43,0.67
11.550577163696289,-0.84,0.52,0.48,1.09
11.560620307922363,-1.64,0.93,0.25,1.9
11.570586204528809,-2.65,1.28,0.03,2.94
11.580602169036865,-2.07,0.6,-0.45,2.2
11.590566158294678,-1.11,0.43,-0.09,1.19
11.600603103637695,-0.72,0.18,0.72,1.03
11.63472032546997,-1.63,0.83,0.59,1.92
11.637648105621338,-2.02,1.4,0.74,2.56
11.64033818244934,-2.45,1.94,0.81,3.22
11.642866134643555,-3.92,2.3,0.87,4.62
11.65053915977478,-4.27,2.26,0.15,4.83
11.660539150238037,-4.22,2.31,-1.02,4.91
11.67052698135376,-3.74,2.39,0.26,4.44
11.68111515045166,-4.05,3.17,4.28,6.69
11.690546989440918,-5.22,3.97,7.12,9.68
11.700585126876831,-6.98,4.46,4.98,9.66
11.736126184463501,-8.41,3.51,2.7,9.5
11.73887300491333,-9.74,2.77,2.59,10.45
11.741563320159912,-11.15,2.75,2.78,11.81
11.744122982025146,-13.46,2.55,2.32,13.89
11.750493049621582,-15.37,2.2,1.9,15.64
11.760546207427979,-16.05,1.55,1.63,16.2
11.770510196685791,-14.05,3.55,2.7,14.74
11.780471324920654,-8.75,10.07,7.31,15.21
11.79089617729187,-7.66,16.62,10.38,21.03
11.80051326751709,2.49,21.41,5.61,22.27
11.835996150970459,5.84,13.28,2.33,14.69
11.838766098022461,1.17,14.28,6.95,15.92
11.84145212173462,-8.79,14.99,9.5,19.8
11.843955039978027,-11.14,10.93,11.83,19.58
11.850406169891357,-22.63,-0.97,11.24,25.28
11.860328197479248,4.91,-5.16,-4.64,8.5
11.870322227478027,29.13,-1.69,3.2,29.35
11.88033413887024,4.06,1.67,5.96,7.4
11.890295028686523,-4.81,0.32,9.38,10.54
11.900331974029541,-11.24,-2.21,8.33,14.16
11.93704605102539,-15.56,-4.3,6.08,17.25
11.939918041229248,-17.01,-5.38,4.09,18.3
11.943034172058105,-15.71,-5.75,4.08,17.21
11.945502281188965,-14.05,-6.04,3.91,15.78
11.950294971466064,-11.78,-5.97,4.05,13.81
11.960301160812378,-9.05,-5.8,4.01,11.47
11.970320224761963,-6.34,-5.84,3.57,9.32
11.980294227600098,-4.02,-6.1,3.37,8.04
11.990291118621826,-3.2,-6.49,3.08,7.86
12.00026798248291,-3.98,-6.67,2.58,8.18
12.03776216506958,-5.37,-6.5,2.2,8.71
12.040622234344482,-6.94,-6.02,2.0,9.4
12.043753147125244,-7.51,-5.39,1.92,9.44
12.046166181564331,-7.15,-4.77,1.89,8.8
12.050271987915039,-6.45,-3.91,2.31,7.88
12.060258150100708,-6.16,-2.79,2.79,7.31
12.070290088653564,-5.46,-1.44,2.83,6.31
12.080278158187866,-4.28,-0.41,2.38,4.91
12.090330123901367,-3.46,0.63,1.6,3.86
12.100290298461914,-2.89,1.96,0.7,3.56
12.13842511177063,-2.08,3.63,-0.31,4.19
12.14134931564331,-0.56,5.7,-0.69,5.76
12.14449405670166,1.07,8.18,-0.25,8.25
12.146924018859863,1.78,10.69,-0.06,10.83
12.150363206863403,2.06,13.05,-1.17,13.26
12.160226106643677,-6.53,27.27,0.29,28.04
12.170188188552856,-19.15,38.6,8.88,43.99
12.18025517463684,34.8,-7.64,-16.85,39.41
12.190213203430176,28.53,16.0,-12.78,35.11
12.20030927658081,11.68,15.8,-5.34,20.36
12.239043235778809,20.61,13.34,-0.9,24.56
12.241868019104004,29.46,16.15,-3.0,33.73
12.24517011642456,30.37,10.31,-15.63,35.67
12.24738597869873,20.54,10.05,-13.38,26.49
12.250802993774414,-17.51,45.34,4.91,48.85
12.260402202606201,-42.2,34.28,17.03,56.97
12.270202159881592,24.57,-40.09,-34.66,58.41
12.280219078063965,26.45,3.82,-3.38,26.93
12.290156126022339,0.57,2.52,10.04,10.36
12.3002610206604,10.79,-2.61,7.56,13.43
12.338912010192871,7.67,3.9,8.52,12.1
12.341731071472168,-2.54,1.04,-15.59,15.82
12.344866275787354,-5.96,1.7,-11.6,13.15
12.347254276275635,12.01,4.72,-2.4,13.12
12.350610256195068,11.39,5.17,-5.52,13.67
12.360144138336182,3.71,1.58,-6.03,7.25
12.370222091674805,10.96,4.77,-2.38,12.18
12.380253314971924,23.39,3.92,3.87,24.02
12.390178203582764,5.22,2.08,-3.21,6.47
12.400479316711426,-5.45,-1.35,-4.02,6.9
12.439890146255493,2.71,0.36,-2.39,3.63
12.443059206008911,4.79,0.44,-1.56,5.05
12.446046113967896,1.67,0.08,-0.47,1.73
12.448225975036621,-0.01,-0.03,-1.45,1.45
12.451609134674072,0.41,-0.12,-2.43,2.46
12.46018123626709,0.09,-0.14,-1.7,1.7
12.470165252685547,-0.23,-0.1,-0.91,0.94
12.480183124542236,-0.3,-0.06,-0.28,0.41
12.490163326263428,0.05,0.08,0.48,0.48
12.50017499923706,0.26,0.17,0.77,0.83
12.54062819480896,0.13,0.14,1.14,1.15
12.543726205825806,0.36,0.17,1.66,1.7
12.546682119369507,0.33,0.04,1.25,1.29
12.548853158950806,-0.11,-0.01,0.49,0.5
12.552225112915039,-0.85,-0.12,-0.7,1.1
12.560050010681152,-1.49,-0.04,-0.78,1.68
12.570099115371704,-1.5,0.06,-0.4,1.55
12.580113172531128,-0.54,0.0,-0.63,0.82
12.590091228485107,0.79,0.02,0.26,0.83
12.600102186203003,0.42,0.07,1.61,1.66
12.640851020812988,-0.35,0.27,2.51,2.54
12.643908977508545,0.4,0.15,2.27,2.3
12.646940231323242,0.51,-0.01,1.51,1.59
12.649140119552612,-0.05,0.04,0.86,0.86
12.652464151382446,0.09,-0.07,-0.17,0.2
12.660072088241577,-0.07,-0.06,-0.55,0.55
12.670117139816284,-0.34,0.06,-0.56,0.65
12.680132150650024,-0.21,-0.03,-0.41,0.46
12.690059185028076,0.19,-0.07,-0.12,0.23
12.70006799697876,0.12,-0.05,0.13,0.18
12.740374088287354,-0.09,-0.04,0.15,0.17
12.743549108505249,0.22,-0.1,-0.09,0.25
12.746539115905762,0.14,-0.06,-0.32,0.35
12.748733043670654,-0.68,0.43,-0.34,0.87
12.75211215019226,-1.66,0.75,-0.07,1.82
12.759884119033813,-3.1,1.87,0.38,3.64
12.769960165023804,-3.36,1.67,0.53,3.78
12.780066013336182,-2.92,2.06,0.28,3.58
12.789918184280396,-3.03,1.89,0.28,3.58
12.80014705657959,-3.49,2.04,-0.24,4.04
12.841724157333374,-3.88,1.9,-0.85,4.4
12.845023155212402,-3.86,1.68,-1.44,4.44
12.84778118133545,-4.0,1.65,-1.43,4.55
12.849997997283936,-4.08,1.77,-0.45,4.47
12.853341102600098,-4.37,2.3,0.82,5.0
12.85991907119751,-4.6,2.99,4.31,6.97
12.869956970214844,-5.15,3.4,7.83,9.96
12.880015134811401,-6.16,3.5,6.85,9.85
12.889971256256104,-8.05,3.33,3.36,9.33
12.900086164474487,-10.59,2.99,2.69,11.32
12.942012310028076,-12.01,3.17,4.78,13.3
12.945391178131104,-12.6,2.67,4.92,13.78
12.948105096817017,-13.45,1.75,2.0,13.71
12.950261116027832,-15.28,2.23,0.14,15.44
12.953566074371338,-15.77,4.82,-0.22,16.49
12.959967136383057,-11.89,11.65,6.0,17.69
12.970319271087646,-6.31,19.7,9.39,22.71
12.980213165283203,2.51,20.58,4.17,21.14
12.990103244781494,3.03,14.49,3.85,15.29
13.000023126602173,-3.65,17.38,10.21,20.48
13.041312217712402,-10.84,16.11,11.88,22.76
13.044496059417725,-18.28,8.2,11.75,23.22
13.04751205444336,-25.66,-4.23,7.59,27.09
13.04972219467163,17.33,-7.12,-7.66,20.24
13.053062200546265,28.49,-3.74,4.04,29.01
13.059974193572998,2.36,-0.71,5.77,6.27
13.069976091384888,-4.24,-1.34,9.39,10.38
13.079965114593506,-10.08,-3.54,9.72,14.44
13.089863300323486,-16.48,-4.7,7.7,18.78
13.099948167800903,-15.39,-5.06,6.19,17.34
13.142587184906006,-15.04,-5.38,4.26,16.53
13.145865201950073,-13.52,-5.67,4.23,15.25
13.148567199707031,-11.53,-5.89,3.34,13.37
13.150722980499268,-9.34,-6.08,2.81,11.49
13.15400218963623,-7.2,-6.3,2.31,9.84
13.160123109817505,-5.72,-6.52,1.79,8.85
13.169870138168335,-5.02,-6.67,1.53,8.48
13.179919242858887,-5.35,-6.56,1.45,8.58
13.189903259277344,-6.2,-6.01,1.87,8.83
13.199889183044434,-7.27,-5.09,2.3,9.16
13.242698192596436,-7.83,-4.03,2.78,9.23
13.245949268341064,-8.09,-2.85,2.84,9.03
13.24864912033081,-7.7,-1.5,1.9,8.07
13.25077199935913,-5.97,-0.29,0.73,6.02
13.254073143005371,-4.13,0.86,1.15,4.37
13.26008129119873,-2.32,2.84,2.09,4.22
13.26980710029602,0.12,4.93,1.96,5.3
13.279833316802979,3.28,6.72,1.32,7.59
13.289813995361328,6.43,8.01,0.39,10.27
13.29984998703003,6.74,8.29,-1.41,10.77
13.342808246612549,4.88,8.49,-3.76,10.48
13.346103191375732,3.72,9.49,-5.26,11.47
13.348810195922852,3.41,12.25,-4.55,13.5
13.350996017456055,4.06,15.63,-2.19,16.29
13.354313135147095,6.16,18.54,0.24,19.53
13.360109090805054,8.38,19.52,-1.32,21.28
13.369729042053223,11.11,16.62,-4.67,20.52
13.379853248596191,20.47,10.91,-5.78,23.9
13.389888286590576,31.47,14.67,-10.11,36.16
13.399850130081177,31.18,12.75,-15.42,37.04
13.409833192825317,22.29,10.35,-12.01,27.35
13.445984125137329,13.17,13.72,-5.68,19.84
13.448700189590454,-19.5,43.62,9.69,48.75
13.45087218284607,-33.64,14.96,-3.83,37.01
13.454178094863892,22.25,-29.79,-25.28,44.96
13.45982313156128,14.7,4.17,7.94,17.21
13.46974229812622,0.4,-4.3,17.82,18.33
13.47982120513916,3.86,0.58,6.81,7.84
13.489830017089844,2.84,1.56,-12.21,12.63
13.499819278717041,6.36,4.01,-10.73,13.1
13.509868144989014,2.81,3.27,-1.0,4.42
13.546860218048096,4.08,2.45,-7.29,8.7
13.549568176269531,9.3,5.03,-7.74,13.1
13.551701068878174,6.19,1.77,-3.77,7.46
13.55516529083252,14.79,5.27,-0.06,15.7
13.559741973876953,17.95,2.55,0.47,18.13
13.569785118103027,1.08,1.19,-7.4,7.57
13.579777240753174,-0.38,-0.88,-6.04,6.11
13.58976125717163,3.74,0.45,-2.39,4.46
13.599857091903687,3.05,0.43,-1.12,3.27
13.609841108322144,0.69,0.08,-0.51,0.86
13.646289110183716,0.57,0.14,-0.54,0.79
13.648989200592041,0.74,0.05,-0.25,0.78
13.651132106781006,-0.03,-0.01,0.37,0.37
13.65444803237915,-0.56,0.02,0.31,0.64
13.659826278686523,-0.49,0.13,0.55,0.74
13.669898986816406,0.01,0.15,0.68,0.69
13.679761171340942,0.14,0.08,0.9,0.91
13.68978500366211,-0.28,0.09,1.18,1.21
13.699751138687134,-0.18,0.07,1.07,1.08
13.70982313156128,-0.06,0.04,0.99,0.99
13.746817111968994,-0.63,-0.02,0.81,1.02
13.749520301818848,-0.38,-0.01,0.47,0.6
13.7516770362854,0.27,-0.1,0.15,0.32
13.755098104476929,-0.04,-0.09,0.21,0.23
13.759706020355225,0.05,-0.02,0.15,0.15
13.769833087921143,0.47,-0.04,-0.12,0.48
13.779764175415039,0.61,-0.02,-0.2,0.64
13.7897629737854,0.28,-0.04,0.13,0.31
13.799748182296753,-0.5,-0.02,0.43,0.65
13.809766292572021,-0.65,0.0,0.45,0.79
13.847527027130127,-0.51,0.03,0.26,0.57
13.850267171859741,-0.29,-0.02,0.29,0.41
13.852428197860718,0.21,0.07,-0.11,0.24
13.85586929321289,0.34,0.03,0.25,0.42
13.859710216522217,0.03,-0.01,0.61,0.61
13.869718074798584,0.15,0.0,0.79,0.8
13.879693031311035,-0.49,0.03,0.62,0.79
13.889739990234375,-0.65,0.16,0.64,0.92
13.899768114089966,-0.36,0.25,0.88,0.98
13.909739017486572,-0.36,0.24,0.94,1.03
13.947204113006592,0.0,0.2,0.66,0.68
13.949897289276123,-0.02,0.05,0.06,0.08
13.95202922821045,-1.28,0.71,-0.42,1.52
13.955457210540771,-1.9,0.94,-0.48,2.17
13.95972728729248,-3.7,2.45,-0.93,4.53
13.969755172729492,-5.94,2.83,-0.35,6.58
13.979773044586182,-3.56,2.26,0.25,4.22
13.989660263061523,-3.27,2.12,0.41,3.91
13.999767303466797,-2.68,1.68,0.49,3.2
14.009716033935547,-3.06,1.93,0.02,3.61
14.047584056854248,-2.91,2.5,1.54,4.13
14.050288200378418,-3.34,3.24,4.8,6.68
14.052420139312744,-4.52,3.78,6.91,9.08
14.055829048156738,-6.01,4.3,4.72,8.76
14.059672117233276,-7.83,3.95,2.22,9.04
14.0697603225708,-9.96,3.22,1.86,10.63
14.079661130905151,-11.79,3.42,3.45,12.75
14.089697122573853,-13.3,3.54,3.36,14.16
14.099724292755127,-14.73,3.53,2.88,15.41
14.10967206954956,-17.56,2.46,2.87,17.96
14.147819995880127,-18.38,3.35,3.33,18.97
14.15061330795288,-14.07,9.19,8.08,18.64
14.152765274047852,-9.39,12.2,10.06,18.39
14.156322002410889,-0.84,16.71,1.79,16.82
14.159999132156372,6.64,17.15,2.63,18.57
14.170034170150757,-1.12,17.1,9.76,19.72
14.179768085479736,-8.41,14.85,9.28,19.42
14.190011024475098,-11.37,11.22,11.62,19.75
14.199684143066406,-23.13,0.85,11.88,26.01
14.209680080413818,-3.83,-3.99,-0.72,5.57
14.247263193130493,32.25,-3.12,1.58,32.43
14.249999046325684,8.63,0.0,5.2,10.07
14.252120971679688,-3.35,-0.76,6.86,7.67
14.255555152893066,-6.72,-2.77,7.6,10.51
14.259618282318115,-13.84,-4.93,6.35,16.0
14.269620180130005,-13.25,-6.06,6.51,15.95
14.279627323150635,-13.65,-6.46,5.28,15.99
14.289492130279541,-13.18,-6.11,5.8,15.64
14.299566268920898,-11.65,-6.17,5.66,14.34
14.309548139572144,-9.64,-6.27,5.19,12.61
14.347804069519043,-7.68,-6.52,4.5,11.03
14.350522994995117,-5.57,-6.94,3.95,9.73
14.352662086486816,-4.41,-7.36,3.76,9.36
14.356125116348267,-4.11,-7.46,3.64,9.26
14.359541177749634,-4.64,-7.29,3.8,9.44
14.369598150253296,-6.05,-6.54,4.1,9.8
14.37952709197998,-7.15,-5.61,4.49,10.13
14.389494180679321,-7.68,-4.46,4.57,9.98
14.399549007415771,-6.98,-3.05,4.51,8.85
14.40952730178833,-5.81,-1.86,3.5,7.03
14.448410987854004,-4.35,-0.68,2.73,5.18
14.451146125793457,-3.13,0.9,3.36,4.67
14.453288078308105,-0.89,2.92,3.17,4.4
14.456740140914917,2.13,4.58,2.14,5.48
14.459500312805176,4.5,6.04,1.46,7.67
14.469434261322021,4.68,7.95,0.74,9.25
14.479578018188477,2.96,9.79,-0.53,10.24
14.489922046661377,1.22,11.72,-2.41,12.02
14.49998426437378,1.29,14.6,-4.02,15.19
14.509847164154053,1.81,18.97,-2.52,19.22
14.548619270324707,-1.53,26.61,2.42,26.76
14.551445007324219,12.4,19.01,-0.01,22.69
14.553641319274902,15.62,20.22,-1.91,25.62
14.557234287261963,23.24,16.11,4.11,28.57
14.560070991516113,40.65,16.58,-5.09,44.19
14.569476127624512,41.51,8.45,-19.63,46.68
14.579630136489868,26.45,5.34,-17.47,32.14
14.589492321014404,13.18,12.47,-9.42,20.44
14.600080013275146,6.35,20.79,2.86,21.92
14.6097891330719,-46.1,59.51,26.9,79.93
14.649299144744873,-22.49,-16.82,-14.86,31.77
14.652010202407837,28.72,-27.21,-39.66,56.01
14.654390096664429,1.28,5.19,20.34,21.03
14.657663106918335,-1.88,-4.6,8.04,9.45
14.660407066345215,0.92,-2.11,-10.1,10.35
14.669495105743408,5.13,4.11,-13.94,15.41
14.679524183273315,11.16,6.08,0.21,12.71
14.689500093460083,4.61,4.59,0.1,6.5
14.699599266052246,3.59,3.57,-9.8,11.03
14.709490299224854,12.01,5.13,-5.57,14.19
14.74935007095337,27.95,8.21,1.1,29.15
14.752102136611938,7.19,1.26,-1.45,7.44
14.754446983337402,-4.91,-0.33,-6.54,8.18
14.757743120193481,1.46,-0.91,-4.27,4.6
14.760518074035645,5.96,0.75,-2.57,6.53
14.769427299499512,2.59,-0.01,-1.64,3.06
14.779529094696045,0.0,-0.03,-1.36,1.36
14.78944730758667,0.54,0.0,-1.95,2.02
14.799513101577759,0.73,-0.09,-1.41,1.59
14.809410095214844,-0.57,-0.1,-0.36,0.68
14.849439144134521,-1.67,-0.12,0.03,1.67
14.852167129516602,-0.46,0.11,0.99,1.09
14.8545081615448,0.48,0.39,1.84,1.94
14.857776165008545,0.0,0.33,2.81,2.82
14.860546112060547,0.2,0.2,2.23,2.24
14.86929702758789,-0.01,0.04,1.33,1.33
14.879411220550537,-0.27,0.0,0.77,0.81
14.889414310455322,0.14,-0.16,-0.73,0.76
14.899428129196167,0.51,-0.29,-2.1,2.18
14.909446239471436,0.41,-0.27,-2.17,2.22
14.9498610496521,0.23,-0.15,-1.43,1.45
14.952623128890991,-0.45,-0.03,-0.57,0.72
14.954949140548706,-0.38,0.18,0.78,0.88
14.958219051361084,0.19,0.14,1.56,1.57
14.96128511428833,0.32,0.07,1.6,1.63
14.969393253326416,-0.39,0.09,1.67,1.71
14.979450225830078,-0.85,0.17,1.86,2.05
14.98938512802124,-0.31,0.11,1.19,1.23
14.999387264251709,0.42,-0.01,0.37,0.55
15.009283065795898,0.77,-0.09,-0.24,0.81
15.049957275390625,0.1,-0.05,-0.42,0.43
15.052707195281982,-0.19,-0.11,-0.41,0.46
15.055056095123291,-0.04,-0.07,-0.41,0.41
15.05817699432373,0.07,0.14,-0.14,0.21
15.061330318450928,-0.57,0.56,0.16,0.81
15.069327116012573,-1.87,1.09,0.42,2.2
15.079390048980713,-2.6,1.46,-0.05,2.98
15.089353084564209,-2.88,1.64,-0.28,3.32
15.099317073822021,-2.3,1.43,0.52,2.75
15.10922622680664,-2.75,1.7,-0.01,3.23
15.150015115737915,-2.59,1.48,0.49,3.02
15.152778148651123,-2.86,1.6,0.24,3.28
15.155128002166748,-1.93,1.22,0.1,2.28
15.158478260040283,-2.57,1.37,-0.12,2.91
15.161485195159912,-4.08,1.92,0.38,4.52
15.169329166412354,-4.44,2.49,1.11,5.21
15.179417133331299,-5.18,3.02,2.3,6.42
15.18931531906128,-5.59,3.44,5.13,8.33
15.199361324310303,-6.35,4.04,7.03,10.29
15.20930528640747,-7.32,4.43,5.85,10.36
15.251173973083496,-8.93,4.35,4.69,10.98
15.25391411781311,-10.51,3.86,5.78,12.6
15.256227016448975,-11.12,4.19,4.8,12.81
15.259550094604492,-13.7,3.02,3.49,14.45
15.262734174728394,-17.84,1.87,3.4,18.25
15.269246101379395,-19.52,4.24,4.21,20.41
15.279246091842651,-14.47,10.97,6.08,19.14
15.289690017700195,-9.31,15.74,8.8,20.29
15.299606323242188,3.04,19.82,4.55,20.56
15.309532165527344,6.49,18.16,5.31,20.0
15.351378202438354,0.25,16.57,8.02,18.41
15.354243278503418,-3.59,14.23,11.96,18.93
15.356405258178711,-16.7,8.36,13.53,23.06
15.3597092628479,-28.18,-5.1,5.29,29.12
15.362845182418823,21.14,-6.21,-5.08,22.61
15.369213104248047,21.87,-0.4,5.68,22.59
15.37925910949707,-1.67,0.74,6.13,6.39
15.38925313949585,-5.0,-0.31,9.62,10.84
15.399233102798462,-11.84,-3.13,7.2,14.2
15.409220218658447,-15.83,-5.29,5.08,17.44
15.451801300048828,-14.21,-6.26,4.2,16.08
15.454715251922607,-12.82,-6.57,3.67,14.86
15.456878185272217,-11.04,-6.23,4.26,13.37
15.460262298583984,-8.57,-5.75,4.74,11.35
15.46340799331665,-6.36,-5.63,4.35,9.54
15.469227313995361,-4.33,-6.02,3.64,8.26
15.479236125946045,-3.09,-6.88,2.7,8.01
15.489198207855225,-2.91,-7.57,1.94,8.33
15.499242305755615,-3.92,-8.05,1.45,9.07
15.509196281433105,-5.57,-8.08,1.43,9.91
15.55224323272705,-7.37,-7.36,1.83,10.57
15.555159091949463,-7.89,-6.3,2.32,10.35
15.557294130325317,-7.61,-5.1,3.21,9.7
15.56058120727539,-7.39,-3.48,3.38,8.84
15.563802242279053,-6.37,-2.05,2.12,7.01
15.569176197052002,-4.31,-0.96,1.68,4.72
15.579051971435547,-3.13,0.24,2.31,3.89
15.589158058166504,-3.0,1.62,1.48,3.71
15.599210262298584,-0.85,3.45,-0.36,3.57
15.609140157699585,3.0,5.2,-1.11,6.1
15.652979135513306,4.64,6.72,-1.46,8.29
15.655936241149902,3.22,8.1,-2.7,9.12
15.658083200454712,1.85,9.59,-4.15,10.61
15.66173505783081,1.33,11.1,-4.29,11.97
15.664781093597412,-12.78,31.07,0.82,33.6
15.669173240661621,-12.59,25.22,-0.66,28.19
15.6791090965271,34.19,-3.83,-15.52,37.74
15.689118146896362,18.83,15.6,-8.71,25.95
15.699159145355225,14.74,7.87,-5.0,17.44
15.709129095077515,19.41,9.37,-1.15,21.58
15.75311803817749,16.71,18.65,0.52,25.04
15.756081104278564,21.91,15.48,-10.48,28.8
15.758273124694824,6.51,24.9,-8.69,27.16
15.761937141418457,-19.54,32.64,2.53,38.12
15.764906167984009,-5.28,1.65,-10.99,12.3
15.769059181213379,28.11,-16.75,-18.03,37.36
15.778983116149902,10.7,3.16,-2.19,11.36
15.78895115852356,3.87,1.51,7.09,8.21
15.79915714263916,11.5,0.53,9.83,15.13
15.80909013748169,12.84,3.66,7.75,15.43
15.853493213653564,3.46,4.44,-7.56,9.42
15.85637903213501,-1.39,3.56,-9.03,9.8
15.858569145202637,7.71,3.88,-8.91,12.4
15.862187147140503,11.07,4.14,-8.96,14.83
15.865187168121338,11.14,3.61,-6.43,13.35
15.869028091430664,20.74,4.12,4.37,21.59
15.879004001617432,3.92,0.42,1.78,4.32
15.889037132263184,-4.25,0.09,-4.71,6.34
15.899113178253174,2.09,-0.78,-4.02,4.59
15.90907907485962,5.53,0.93,-1.99,5.95
15.954332113265991,2.19,0.31,-0.51,2.26
15.957035064697266,-0.7,-0.07,-0.25,0.74
15.959257125854492,0.55,0.04,-1.02,1.15
15.96288013458252,0.55,-0.19,-1.28,1.4
15.965634107589722,0.14,0.05,-0.81,0.82
15.969074249267578,0.02,0.07,-0.41,0.41
15.978868007659912,-0.44,0.11,0.05,0.45
15.988961219787598,-0.53,0.12,0.57,0.78
15.999051094055176,-0.62,0.07,0.84,1.04
16.008987188339233,-0.24,0.0,0.73,0.76
16.054818153381348,0.19,-0.05,0.81,0.83
16.057512283325195,-0.33,-0.05,0.75,0.82
16.059503078460693,-0.31,-0.1,-0.02,0.32
16.063133239746094,0.22,-0.19,-0.86,0.9
16.066137313842773,-0.04,-0.16,-0.62,0.64
16.068892002105713,-0.3,0.03,0.24,0.38
16.0788471698761,-0.68,0.07,0.84,1.08
16.088929176330566,-0.67,0.22,1.38,1.54
16.099022150039673,-0.11,0.2,1.0,1.02
16.108975172042847,0.42,0.04,0.76,0.86
16.15491509437561,0.44,0.03,0.64,0.77
16.157633304595947,0.19,0.0,0.27,0.33
16.159799098968506,0.1,-0.08,0.01,0.12
16.163490295410156,0.26,-0.07,0.04,0.27
16.166490077972412,0.04,0.07,0.24,0.25
16.169307231903076,-0.78,0.72,0.34,1.11
16.17881727218628,-2.32,1.25,0.44,2.67
16.188937187194824,-2.85,1.29,-0.2,3.13
16.199000120162964,-2.68,1.63,-1.27,3.38
16.2089581489563,-1.35,0.89,0.31,1.64
16.25526714324951,-1.48,0.97,0.07,1.77
16.257968187332153,-1.88,1.25,0.29,2.27
16.260122299194336,-2.24,1.58,0.59,2.8
16.26387619972229,-2.08,1.61,1.32,2.94
16.266601085662842,-2.01,1.34,1.49,2.83
16.269330978393555,-1.88,1.45,1.17,2.64
16.278785228729248,-3.02,1.89,1.19,3.75
16.288763999938965,-4.19,2.24,1.6,5.01
16.298826217651367,-4.98,2.05,1.96,5.73
16.308808088302612,-5.54,1.68,1.3,5.93
16.35570216178894,-5.67,1.68,0.84,5.97
16.35824203491211,-6.75,2.19,2.14,7.41
16.360445976257324,-7.63,2.75,4.82,9.43
16.364315032958984,-8.68,4.39,6.67,11.79
16.367093086242676,-10.3,4.79,7.35,13.52
16.36989712715149,-11.74,4.14,6.85,14.2
16.378799200057983,-12.25,3.16,5.12,13.64
16.388787269592285,-14.61,2.79,3.61,15.3
16.39878797531128,-15.88,4.28,3.48,16.81
16.408863067626953,-13.49,11.21,4.88,18.2
16.456879138946533,-11.95,16.46,4.88,20.91
16.45943021774292,3.18,20.3,4.24,20.98
16.46162509918213,8.89,19.17,8.12,22.63
16.465447187423706,-0.33,18.09,8.7,20.07
16.468196153640747,-5.07,14.88,12.64,20.17
16.47100830078125,-17.98,6.38,12.63,22.88
16.478864192962646,-18.77,-2.31,2.93,19.13
16.488759994506836,27.13,-2.13,-2.14,27.29
16.498756170272827,14.06,2.79,5.65,15.4
16.508759021759033,-3.12,2.58,6.93,8.02
16.557358264923096,-5.99,0.31,9.02,10.83
16.560075283050537,-13.18,-2.92,5.29,14.49
16.562499046325684,-14.92,-5.15,3.48,16.16
16.56598210334778,-12.92,-6.43,3.2,14.78
16.56873321533203,-11.78,-6.97,3.47,14.12
16.571495056152344,-10.39,-6.85,3.73,12.99
16.57884407043457,-8.8,-6.38,3.74,11.49
16.588723182678223,-7.19,-6.0,3.51,10.0
16.59865427017212,-5.38,-6.35,2.74,8.76
16.608695030212402,-4.28,-7.25,1.85,8.61
16.65764331817627,-4.38,-7.74,1.07,8.95
16.6603581905365,-5.57,-7.74,0.76,9.56
16.662660121917725,-6.68,-7.17,1.0,9.85
16.66616415977478,-7.35,-6.4,1.25,9.82
16.668907165527344,-7.47,-5.74,1.4,9.52
16.671650171279907,-7.12,-5.1,1.63,8.9
16.678890228271484,-6.58,-4.25,2.1,8.1
16.688640117645264,-5.89,-3.12,2.34,7.06
16.698692321777344,-5.44,-2.1,1.6,6.04
16.70869016647339,-4.75,-0.99,0.87,4.92
16.757715225219727,-4.67,0.43,1.37,4.88
16.760480165481567,-4.68,2.62,1.37,5.53
16.762773036956787,-1.72,5.16,0.11,5.44
16.766265153884888,3.13,6.81,-0.58,7.51
16.7690110206604,5.21,8.15,-1.2,9.74
16.77174210548401,4.14,9.64,-2.7,10.83
16.77879524230957,3.21,11.18,-4.44,12.45
16.7886700630188,4.35,12.72,-5.43,14.49
16.79869818687439,5.56,15.05,-5.12,16.84
16.808626174926758,-2.15,27.59,-0.79,27.68
16.858532190322876,4.0,19.4,0.38,19.81
16.86128807067871,30.81,4.4,-12.12,33.39
16.863993167877197,18.08,13.89,-11.67,25.61
16.86732530593872,17.71,14.07,-4.31,23.02
16.87012815475464,33.32,14.5,-5.11,36.69
16.872894287109375,26.48,16.23,-12.0,33.29
16.878849029541016,-15.87,42.75,0.9,45.6
16.88877010345459,-32.96,30.92,-2.36,45.25
16.898601055145264,19.19,-29.86,-24.86,43.33
16.908656120300293,15.3,0.13,-5.7,16.32
16.956606149673462,-5.8,1.41,5.75,8.28
16.959411144256592,4.65,-4.81,6.83,9.56
16.9615740776062,14.83,4.35,6.91,16.92
16.965489149093628,12.8,6.17,-5.76,15.33
16.96829319000244,-1.93,3.27,-4.83,6.14
16.971092224121094,0.66,2.67,-4.56,5.32
16.97862720489502,11.09,3.2,-9.32,14.83
16.98876118659973,8.12,3.56,-7.75,11.77
16.998691082000732,0.36,-0.23,-3.04,3.06
17.008647203445435,10.35,3.78,0.2,11.02
17.057781219482422,19.25,3.21,1.63,19.58
17.060594081878662,1.6,1.48,-4.51,5.0
17.063156127929688,-2.85,-1.12,-5.68,6.45
17.066752195358276,3.11,0.24,-1.9,3.65
17.06951332092285,3.15,0.66,-0.84,3.32
17.07228708267212,0.47,-0.07,-0.2,0.51
17.078540325164795,0.24,0.23,-0.17,0.37
17.08858823776245,0.73,0.02,-0.52,0.89
17.098628044128418,0.38,0.03,0.15,0.4
17.108566284179688,-0.2,0.13,0.67,0.71
17.157504081726074,-0.42,0.06,0.63,0.75
17.160369157791138,-0.26,0.05,0.51,0.57
17.162901163101196,0.26,0.11,0.77,0.82
17.166585206985474,0.68,0.07,0.62,0.92
17.169403076171875,-0.08,-0.2,0.09,0.23
17.17223620414734,-0.42,-0.1,-0.25,0.49
17.17848300933838,-0.6,-0.09,-0.01,0.6
17.18857431411743,-1.04,-0.12,0.43,1.13
17.198549270629883,0.07,-0.1,-0.39,0.4
17.20861005783081,0.55,-0.11,-0.41,0.69
17.258394241333008,0.05,0.04,0.15,0.16
17.26117515563965,0.27,0.03,0.17,0.32
17.2638680934906,0.24,-0.01,0.08,0.25
17.26726198196411,-0.16,0.01,0.25,0.29
17.270093202590942,-0.35,0.06,0.39,0.52
17.27284812927246,-0.18,0.03,0.08,0.19
17.278513193130493,0.04,-0.06,-0.15,0.16
17.28847908973694,0.15,-0.02,-0.17,0.22
17.29851722717285,0.22,-0.02,0.01,0.22
17.308470249176025,0.09,0.0,0.08,0.12
17.35811424255371,-0.11,-0.02,0.32,0.33
17.36098003387451,-0.27,0.09,0.67,0.72
17.363758087158203,-0.52,0.17,0.88,1.03
17.3671293258667,-0.77,0.42,1.08,1.39
17.36992311477661,-0.44,0.48,0.71,0.96
17.37273597717285,-0.95,0.73,0.31,1.23
17.378504276275635,0.0,0.33,0.71,0.78
17.3885281085968,-0.57,1.24,0.76,1.56
17.39847707748413,-4.54,2.59,0.84,5.29
17.40855312347412,-5.64,2.98,-0.44,6.39
17.45827317237854,-2.91,1.81,-0.19,3.43
17.46107530593872,-2.47,1.77,-0.17,3.04
17.463837146759033,-3.97,2.14,0.46,4.53
17.46721911430359,-3.05,1.66,0.75,3.55
17.470017194747925,-3.27,2.25,0.43,3.99
17.472819089889526,-4.24,2.46,1.03,5.0
17.47837519645691,-4.63,3.05,3.42,6.51
17.488485097885132,-5.51,4.04,6.31,9.3
17.498398303985596,-6.96,4.25,6.71,10.56
17.50850200653076,-8.86,4.4,4.41,10.83
17.559298992156982,-9.91,3.02,3.5,10.93
17.562129974365234,-11.24,2.7,2.84,11.9
17.564869165420532,-12.1,3.46,2.5,12.83
17.568247318267822,-15.17,1.3,1.84,15.33
17.57102918624878,-19.57,-0.17,3.08,19.81
17.57400131225586,-17.73,4.04,2.9,18.41
17.57832622528076,-9.67,9.65,5.78,14.83
17.588388204574585,-5.91,13.6,5.93,15.97
17.598766088485718,2.18,20.94,3.28,21.3
17.609551191329956,6.01,17.56,6.72,19.73
17.659883975982666,-1.9,15.6,9.31,18.26
17.66326904296875,-8.22,12.74,9.48,17.88
17.6655011177063,-13.84,7.65,12.18,19.96
17.66889214515686,-23.18,-3.14,6.91,24.39
17.67168116569519,19.35,-2.99,-4.72,20.14
17.674652099609375,24.48,0.24,4.57,24.9
17.67828130722046,1.68,1.06,5.99,6.31
17.688401222229004,-3.36,-0.29,8.25,8.91
17.698341131210327,-9.25,-2.69,6.75,11.76
17.708323001861572,-14.03,-4.82,5.16,15.7
17.760744094848633,-13.34,-6.22,4.22,15.31
17.764068126678467,-13.63,-6.54,3.32,15.47
17.766276121139526,-12.54,-6.41,3.9,14.61
17.769659996032715,-10.89,-6.23,3.88,13.13
17.7724552154541,-8.7,-6.07,3.65,11.21
17.775390148162842,-6.57,-6.21,3.34,9.63
17.778232097625732,-5.06,-6.68,2.74,8.81
17.788328170776367,-4.74,-7.05,2.03,8.73
17.798320293426514,-5.08,-7.19,1.67,8.96
17.808634281158447,-6.33,-6.82,1.68,9.45
17.860395193099976,-7.25,-5.93,2.21,9.62
17.863591194152832,-7.07,-4.97,2.57,9.01
17.865750312805176,-6.04,-4.31,2.77,7.92
17.869094133377075,-5.47,-3.72,2.71,7.14
17.871860027313232,-5.14,-2.73,2.31,6.26
17.874794006347656,-4.51,-1.7,1.51,5.05
17.878282070159912,-3.59,-0.55,1.13,3.8
17.88831615447998,-3.19,1.07,2.06,3.94
17.89825201034546,-3.08,3.07,2.26,4.9
17.908255100250244,-1.2,5.08,0.79,5.27
17.961044311523438,2.05,6.73,-0.84,7.08
17.96443223953247,4.61,8.09,-1.8,9.48
17.966572284698486,4.58,9.42,-2.7,10.81
17.969926118850708,3.61,11.09,-3.9,12.29
17.972694158554077,2.89,12.57,-4.88,13.79
17.975624084472656,2.36,14.58,-5.17,15.64
17.97835397720337,-1.16,21.73,-2.4,21.89
17.98831820487976,7.94,15.99,-1.33,17.9
17.998610019683838,13.61,19.0,-4.12,23.73
18.009266138076782,14.03,15.5,-2.79,21.09
18.06204915046692,29.69,16.13,-9.48,35.09
18.065484046936035,36.64,14.57,-18.36,43.49
18.067650318145752,27.85,11.26,-14.45,33.33
18.071030139923096,14.9,14.7,-6.45,21.9
18.07393717765808,4.62,24.09,2.62,24.66
18.076694011688232,-46.9,46.86,16.25,68.26
18.079708099365234,-7.27,-28.24,-24.32,37.97
18.08820104598999,19.33,-11.77,-13.9,26.55
18.09816598892212,-8.15,-3.0,20.7,22.44
18.108159065246582,5.55,-0.11,7.15,9.05
18.163288116455078,14.48,2.98,-4.62,15.48
18.16603422164917,5.55,3.79,-11.99,13.74
18.16820001602173,3.35,3.53,2.4,5.42
18.171523094177246,7.54,4.26,-0.93,8.71
18.17444610595703,10.28,3.63,-6.82,12.85
18.177227020263672,5.69,3.28,-7.27,9.79
18.18016004562378,-0.13,-0.23,-5.35,5.35
18.188158988952637,4.55,1.96,-0.34,4.96
18.198097229003906,19.87,5.49,0.08,20.61
18.20818328857422,7.7,1.59,-3.81,8.73
18.264103174209595,-2.71,-0.7,-5.46,6.13
18.2671160697937,1.58,0.25,-3.5,3.84
18.269262313842773,4.13,0.67,-3.08,5.19
18.272568225860596,1.13,-0.07,-2.13,2.41
18.275484085083008,-0.41,-0.11,-1.34,1.4
18.278247117996216,0.52,0.06,-0.92,1.05
18.281307220458984,0.46,0.1,-0.11,0.48
18.288082122802734,-0.38,0.08,0.74,0.83
18.298031091690063,-0.14,0.25,1.47,1.49
18.308083057403564,0.75,0.26,1.6,1.78
18.364657163619995,0.6,0.1,1.41,1.53
18.36744713783264,0.22,0.01,1.04,1.06
18.36961817741394,0.06,-0.05,0.48,0.48
18.37308120727539,-0.45,-0.1,-0.04,0.46
18.37587308883667,-0.66,-0.08,-0.2,0.69
18.37866497039795,-0.13,-0.04,-0.43,0.45
18.381766319274902,-0.23,-0.11,-0.49,0.55
18.388148307800293,-0.38,-0.05,-0.06,0.38
18.39814805984497,0.2,0.0,0.31,0.36
18.408161163330078,0.25,0.05,0.75,0.79
18.46537208557129,0.22,0.11,1.18,1.2
18.468096256256104,0.35,0.08,1.22,1.27
18.470245122909546,-0.19,-0.01,1.01,1.02
18.47372531890869,-0.55,0.11,1.16,1.28
18.476478099822998,-0.51,-0.01,1.0,1.12
18.479234218597412,-0.02,-0.09,0.52,0.52
18.48234224319458,0.25,-0.03,-0.06,0.25
18.488201141357422,0.67,-0.16,-0.25,0.73
18.498125076293945,0.69,-0.11,-0.3,0.76
18.50816822052002,0.12,-0.03,-0.28,0.3
18.565293312072754,-0.6,0.05,0.06,0.6
18.568029165267944,-0.61,0.17,0.23,0.67
18.57018232345581,-0.4,0.18,0.06,0.44
18.573631286621094,-0.12,0.22,0.1,0.26
18.57638931274414,-1.19,0.53,0.02,1.3
18.579145193099976,-0.23,-0.15,0.76,0.8
18.58222007751465,0.12,0.33,0.98,1.04
18.588009119033813,-0.96,0.84,1.42,1.9
18.597930192947388,-3.22,1.77,1.47,3.95
18.607929229736328,-3.98,2.71,0.14,4.81
18.666450023651123,-6.38,3.97,-0.01,7.51
18.669504165649414,-5.77,2.87,0.89,6.5
18.67175316810608,-3.01,1.8,1.08,3.66
18.67530107498169,-2.22,2.08,0.47,3.07
18.678097248077393,-2.83,2.64,1.83,4.28
18.681236267089844,-3.48,3.64,4.51,6.76
18.684138298034668,-5.43,4.47,5.58,8.97
18.687971115112305,-8.68,5.02,3.23,10.53
18.6979660987854,-10.06,4.61,1.79,11.2
18.70794415473938,-10.89,3.03,2.72,11.62
18.765608310699463,-13.03,3.41,3.54,13.92
18.768349170684814,-14.24,4.29,2.86,15.14
18.77052402496338,-16.22,3.14,3.16,16.82
18.773969173431396,-20.69,0.47,4.13,21.1
18.776682138442993,-21.73,1.67,4.98,22.35
18.779465198516846,-10.38,11.24,8.41,17.45
18.782554149627686,-4.17,13.42,4.99,14.91
18.78813600540161,1.41,18.05,1.67,18.18
18.798091173171997,4.55,18.2,9.18,20.88
18.80793809890747,-3.5,15.13,9.81,18.36
18.866758108139038,-6.16,12.31,10.55,17.34
18.869540214538574,-13.58,8.99,13.31,21.03
18.87170720100403,-22.44,-3.34,6.2,23.51
18.875203132629395,26.43,-4.57,-7.04,27.73
18.877971172332764,31.36,-0.4,5.14,31.78
18.88108205795288,4.24,0.87,4.71,6.39
18.883965969085693,-1.37,-0.18,8.21,8.32
18.887960195541382,-7.5,-3.35,6.63,10.55
18.897903203964233,-14.76,-6.28,3.47,16.41
18.90794801712036,-13.26,-7.54,2.74,15.49
18.967363119125366,-14.54,-7.72,2.33,16.62
18.97031307220459,-13.98,-7.29,3.48,16.14
18.972479104995728,-12.16,-7.0,3.95,14.57
18.97602128982544,-10.93,-6.68,4.71,13.64
18.978897094726562,-9.52,-6.48,4.63,12.41
18.982033252716064,-7.36,-6.62,3.84,10.61
18.984904289245605,-5.33,-7.15,2.86,9.36
18.98774218559265,-3.95,-7.5,2.0,8.7
18.997896194458008,-3.22,-7.48,1.71,8.32
19.00787925720215,-3.07,-7.41,1.93,8.24
19.0681791305542,-3.91,-7.07,2.09,8.34
19.07099413871765,-4.86,-6.29,2.26,8.26
19.07332420349121,-5.25,-5.54,2.62,8.06
19.076702117919922,-5.76,-4.91,3.16,8.2
19.079538106918335,-6.33,-3.61,3.84,8.23
19.082861185073853,-5.42,-1.64,3.7,6.76
19.085544109344482,-2.98,-0.63,2.77,4.11
19.088271141052246,-1.4,0.06,1.57,2.1
19.097809314727783,-1.32,1.78,1.71,2.79
19.107813119888306,-2.57,4.43,1.79,5.42
19.16872811317444,-2.27,7.7,0.96,8.08
19.171748161315918,0.83,10.87,0.21,10.9
19.17413020133972,3.65,12.88,-0.92,13.41
19.17746615409851,3.98,14.69,-3.38,15.59
19.180617094039917,2.36,18.75,-5.39,19.65
19.183590173721313,-21.34,45.82,0.6,50.54
19.186317205429077,20.21,1.45,-8.28,21.88
19.189198970794678,37.45,12.73,-13.27,41.72
19.19785714149475,12.43,19.37,-9.79,25.01
19.207950115203857,27.6,8.07,-8.75,30.05
19.270461082458496,37.66,17.0,-6.38,41.8
19.273690223693848,15.19,26.74,-10.98,32.65
19.275845050811768,-17.85,35.73,-1.09,39.95
19.2791690826416,-14.19,14.97,-9.0,22.5
19.28435707092285,18.89,-20.67,-14.38,31.47
19.28712224960327,15.16,3.25,-6.05,16.64
19.289831161499023,1.6,0.26,1.23,2.03
19.29267930984497,1.97,-4.64,5.74,7.63
19.297872066497803,4.2,4.1,2.13,6.24
19.307897090911865,11.31,6.02,-0.97,12.84
19.370617151260376,-0.16,2.24,0.88,2.41
19.373507022857666,-3.37,1.8,-1.88,4.25
19.375665187835693,10.77,5.52,-3.98,12.73
19.378958225250244,7.03,1.96,-6.23,9.59
19.382091999053955,1.83,0.28,-5.77,6.05
19.38499617576599,17.6,5.67,-0.96,18.51
19.387681007385254,13.49,1.39,1.34,13.62
19.390374183654785,-0.37,1.38,-5.58,5.76
19.397895097732544,-0.59,-1.12,-5.47,5.61
19.407772064208984,3.65,0.44,-3.12,4.82
19.470088005065918,2.54,0.16,-1.73,3.07
19.472958087921143,0.8,0.09,-1.03,1.3
19.475114107131958,0.68,0.04,-0.89,1.12
19.478394031524658,0.46,-0.02,-0.74,0.87
19.481502056121826,0.06,-0.01,-0.62,0.62
19.484392166137695,0.14,0.06,-0.23,0.27
19.48706316947937,0.26,0.11,0.5,0.57
19.48971915245056,0.3,0.16,1.1,1.15
19.497825145721436,0.3,0.15,1.23,1.27
19.507772207260132,0.03,0.01,1.0,1.0
19.57038402557373,-0.15,-0.07,0.74,0.75
19.573262214660645,-0.01,0.01,0.41,0.41
19.575424194335938,-0.51,-0.03,0.22,0.55
19.57868218421936,-0.86,-0.05,0.14,0.87
19.581826210021973,-0.17,-0.01,-0.2,0.26
19.584747314453125,-0.48,-0.09,-0.13,0.5
19.58742117881775,-0.73,-0.01,-0.03,0.73
19.590085983276367,-0.48,-0.01,0.13,0.49
19.597732067108154,-0.22,0.05,0.99,1.01
19.60781216621399,-0.12,0.18,1.55,1.56
19.670701026916504,0.05,0.18,1.74,1.75
19.673375129699707,0.33,0.16,1.08,1.14
19.67551612854004,0.45,-0.05,0.37,0.58
19.678767204284668,0.47,-0.12,0.14,0.5
19.681884288787842,0.53,-0.08,-0.17,0.56
19.68478298187256,0.35,-0.07,-0.24,0.43
19.687462091445923,0.0,-0.04,0.14,0.14
19.69012713432312,-0.31,0.13,0.91,0.97
19.697482109069824,-0.72,0.26,1.51,1.69
19.707777976989746,-0.86,0.2,1.47,1.71
19.771223068237305,0.1,0.09,0.52,0.53
19.774094104766846,0.99,-0.1,-0.63,1.17
19.776235103607178,0.57,-0.04,-0.31,0.65
19.77951431274414,-0.66,0.05,0.15,0.67
19.78279399871826,-1.2,0.22,-0.02,1.22
19.785531044006348,-0.91,0.46,-0.45,1.11
19.788212299346924,-1.18,0.52,0.07,1.29
19.79089117050171,-0.97,0.61,0.82,1.4
19.797494173049927,-4.37,3.63,0.44,5.69
19.807822227478027,-9.53,4.37,-0.1,10.48
19.871742248535156,-4.47,2.16,-0.01,4.96
19.875080108642578,-1.97,1.44,-1.48,2.85
19.877251148223877,-2.35,1.55,0.02,2.81
19.883013248443604,-3.0,3.13,2.9,5.21
19.885733127593994,-4.88,4.43,5.66,8.68
19.888471126556396,-7.53,5.13,7.33,11.69
19.891143321990967,-9.95,5.63,6.64,13.22
19.893973112106323,-11.59,4.72,5.98,13.86
19.8974871635437,-11.87,4.75,5.04,13.74
19.90763807296753,-12.65,3.98,3.3,13.66
19.971901178359985,-14.2,3.23,3.26,14.92
19.97483515739441,-17.56,0.59,1.96,17.67
19.976999282836914,-19.44,-0.45,0.73,19.45
19.980708122253418,-16.63,4.28,3.02,17.43
19.98371410369873,-9.76,12.36,7.22,17.32
19.98650312423706,-5.34,14.98,6.35,17.12
19.989227294921875,9.17,17.0,3.82,19.68
19.99193811416626,8.41,14.17,6.63,17.76
19.99742603302002,-0.05,11.49,6.25,13.07
20.00763702392578,-3.82,9.04,11.76,15.31
20.07362127304077,-19.96,1.12,12.44,23.54
20.07648801803589,-5.97,-3.79,-0.77,7.11
20.07868528366089,29.85,-2.07,0.02,29.92
20.082684993743896,9.64,1.11,5.58,11.19
20.085496187210083,-0.9,0.31,7.5,7.56
20.088243007659912,-5.37,-1.74,8.96,10.58
20.091007232666016,-11.58,-4.59,6.23,13.92
20.093998193740845,-14.22,-6.38,3.09,15.88
20.09743022918701,-13.98,-7.11,2.27,15.84
20.107586145401,-12.99,-7.28,2.73,15.13
20.174721240997314,-11.26,-6.91,3.35,13.62
20.1775381565094,-8.77,-6.45,3.86,11.55
20.179705142974854,-6.61,-6.36,3.95,9.98
20.18361806869507,-4.77,-6.64,3.77,9.0
20.186474323272705,-3.62,-7.32,3.23,8.78
20.189285278320312,-3.67,-7.8,2.53,8.98
20.191984176635742,-3.9,-7.8,2.31,9.02
20.194862127304077,-3.8,-7.36,2.43,8.63
20.198130130767822,-3.63,-6.86,2.65,8.2
20.207530975341797,-3.25,-6.63,2.97,7.95
20.27511215209961,-3.84,-6.3,3.14,8.01
20.27795910835266,-5.06,-5.21,3.73,8.16
20.280201196670532,-5.98,-3.59,4.22,8.15
20.28421926498413,-5.62,-1.97,3.65,6.98
20.287082195281982,-4.02,-0.59,3.34,5.25
20.289974212646484,-3.18,0.92,3.87,5.09
20.29294729232788,-2.21,2.99,3.01,4.78
20.295757293701172,1.65,5.13,1.39,5.56
20.299105167388916,5.08,6.64,1.24,8.45
20.30756902694702,4.43,8.26,1.1,9.43
20.375925064086914,1.85,10.5,-0.11,10.66
20.378758192062378,1.29,13.05,-1.28,13.17
20.381286144256592,2.11,15.55,-1.61,15.77
20.38492512702942,3.01,15.5,-3.7,16.21
20.387818098068237,4.23,14.67,-5.84,16.34
20.390859127044678,6.87,16.18,-4.12,18.05
20.39382815361023,8.96,16.12,-1.69,18.52
20.396542072296143,14.76,12.11,-4.57,19.63
20.39994525909424,23.35,13.36,-15.02,30.81
20.407488107681274,28.22,10.12,-22.1,37.24
20.476169109344482,23.03,9.81,-14.12,28.74
20.479032039642334,7.53,13.73,-6.18,16.83
20.48164129257202,2.57,15.62,4.51,16.45
20.48526430130005,-16.73,37.22,11.02,42.26
20.48815631866455,-13.92,8.29,-5.2,17.01
20.491018295288086,22.88,-19.04,-29.91,42.19
20.493986129760742,12.65,10.07,-1.07,16.2
20.49686908721924,9.13,-1.4,1.69,9.39
20.500245094299316,7.23,-7.57,3.47,11.02
20.507444143295288,-15.52,-0.76,-3.05,15.83
20.577004194259644,-19.55,-3.03,-17.32,26.29
20.57987403869629,-6.02,-1.3,-14.53,15.78
20.582667112350464,7.07,2.93,-2.52,8.05
20.586108207702637,19.08,8.01,1.35,20.73
20.588959217071533,11.69,6.29,-1.8,13.39
20.59190320968628,4.05,2.06,-1.14,4.68
20.595030307769775,2.69,1.42,-1.16,3.25
20.598122119903564,4.96,1.94,-0.88,5.39
20.60089921951294,7.51,2.42,0.59,7.91
20.60740613937378,5.14,0.84,1.4,5.39
20.67745614051819,-0.14,-0.09,0.11,0.19
20.680310249328613,0.88,0.18,-2.55,2.7
20.683083057403564,1.06,-0.21,-3.35,3.51
20.68657612800598,1.26,0.13,-1.63,2.06
20.68942618370056,0.5,0.11,-1.45,1.53
20.692451000213623,0.88,0.16,-1.39,1.65
20.695301055908203,0.71,0.0,-0.71,1.0
20.698634147644043,0.32,0.0,-0.08,0.32
20.7012882232666,0.43,0.09,0.56,0.71
20.7073712348938,0.73,0.18,1.34,1.53
20.7776780128479,0.21,0.16,1.37,1.39
20.78101420402527,0.33,0.24,0.79,0.88
20.783305168151855,0.35,0.05,0.26,0.43
20.786728143692017,0.15,-0.07,-0.53,0.55
20.789772987365723,0.18,-0.08,-1.05,1.06
20.792763233184814,0.05,-0.14,-1.17,1.17
20.79548406600952,-0.44,-0.19,-1.11,1.2
20.798809051513672,-0.75,-0.12,-0.56,0.94
20.801704168319702,-1.06,-0.15,0.12,1.07
20.807278156280518,-0.47,0.02,1.22,1.3
20.877942085266113,-0.25,0.21,1.93,1.95
20.881218194961548,-0.59,0.13,1.62,1.72
20.88356113433838,0.51,0.2,1.27,1.38
20.886954307556152,1.3,0.13,0.36,1.35
20.889814138412476,0.67,0.0,0.23,0.7
20.893020153045654,-0.22,0.01,0.17,0.27
20.89586615562439,-0.86,-0.01,0.32,0.91
20.898879051208496,-1.44,0.0,0.49,1.52
20.9018292427063,-1.14,0.06,0.24,1.16
20.907219171524048,0.49,0.01,-0.28,0.56
20.975142002105713,0.79,-0.07,-0.41,0.89
20.9779052734375,0.31,0.02,-0.12,0.33
20.980067253112793,0.08,0.06,0.06,0.11
20.983895301818848,-0.13,0.02,-0.15,0.19
20.986618041992188,0.09,0.12,-0.05,0.15
20.989344120025635,-0.13,0.11,0.14,0.22
20.99219799041748,-0.33,0.23,0.35,0.53
20.994869232177734,-0.13,0.21,0.51,0.56
20.997928142547607,-0.18,0.11,0.21,0.29
21.007269144058228,-0.24,0.21,0.04,0.32
21.075326204299927,-1.11,0.35,0.15,1.17
21.078328132629395,-2.8,1.9,0.08,3.38
21.080471992492676,-6.0,3.47,-0.4,6.94
21.084288120269775,-6.25,3.14,0.9,7.05
21.087010145187378,-3.06,2.0,1.27,3.86
21.08973217010498,-2.32,1.46,-0.37,2.76
21.092568159103394,-2.5,2.03,0.99,3.36
21.095216274261475,-3.87,3.55,3.61,6.37
21.09830904006958,-4.95,4.06,4.65,7.91
21.107211112976074,-6.93,4.78,4.41,9.5
21.175730228424072,-8.93,4.4,4.37,10.87
21.178548097610474,-10.35,4.23,6.14,12.75
21.180753231048584,-10.45,4.35,7.82,13.75
21.18458127975464,-11.26,3.86,5.65,13.17
21.187314987182617,-12.6,3.14,0.96,13.02
21.190038204193115,-15.42,1.48,2.3,15.66
21.192870140075684,-18.43,-0.66,2.87,18.66
21.195545196533203,-15.06,1.82,1.11,15.21
21.198622226715088,-9.48,8.81,7.34,14.87
21.207374095916748,-6.99,11.13,7.85,15.3
21.276451110839844,5.2,16.93,3.98,18.15
21.27952003479004,7.14,16.09,5.62,18.47
21.28229522705078,1.29,14.01,8.1,16.23
21.285709142684937,-3.09,11.56,10.79,16.11
21.288482189178467,-14.02,6.53,12.33,19.77
21.291259288787842,-24.58,-3.72,6.33,25.65
21.29412603378296,13.85,-4.77,-3.33,15.02
21.29681921005249,21.14,-1.42,3.76,21.51
21.299944162368774,0.98,-0.56,6.02,6.12
21.307151317596436,-3.89,-1.87,8.04,9.12
21.37725019454956,-10.51,-3.99,7.21,13.35
21.38019609451294,-16.07,-5.34,5.45,17.78
21.38290810585022,-15.84,-5.77,3.99,17.32
21.386173248291016,-14.35,-6.1,3.27,15.93
21.388890266418457,-12.52,-5.95,3.02,14.18
21.391597270965576,-9.54,-5.79,2.84,11.51
21.394431114196777,-7.52,-6.07,2.53,9.98
21.39709711074829,-6.34,-6.48,2.19,9.32
21.40018606185913,-5.62,-6.75,1.82,8.96
21.40716314315796,-5.84,-6.7,1.68,9.04
21.47747015953064,-6.4,-6.27,1.48,9.08
21.48021697998047,-6.31,-5.7,1.31,8.6
21.48295021057129,-6.0,-5.21,1.1,8.02
21.48628807067871,-5.98,-4.76,1.49,7.78
21.48909020423889,-6.9,-3.72,2.18,8.13
21.491851091384888,-7.61,-2.0,2.63,8.29
21.49470329284668,-6.79,-0.46,1.84,7.04
21.49740219116211,-5.12,0.55,0.83,5.21
21.50063705444336,-4.0,1.93,1.33,4.63
21.507068157196045,-2.67,3.64,0.97,4.61
21.577770233154297,0.42,4.84,-0.73,4.91
21.580648183822632,3.76,5.4,-2.03,6.88
21.583367109298706,4.98,6.25,-2.6,8.4
21.586673259735107,4.01,7.03,-3.1,8.66
21.589482307434082,2.03,7.62,-3.68,8.7
21.592477321624756,1.63,8.51,-4.16,9.61
21.595190048217773,2.07,9.66,-4.31,10.77
21.59827709197998,2.26,11.32,-3.13,11.96
21.601089000701904,2.43,12.88,-1.39,13.18
21.60733127593994,3.39,14.36,0.47,14.76
21.680037021636963,4.34,15.02,0.08,15.63
21.683537006378174,6.53,13.58,-0.85,15.09
21.68583106994629,13.63,8.08,0.54,15.85
21.689290046691895,20.26,11.1,-3.94,23.43
21.692469120025635,22.72,11.61,-14.01,29.1
21.695597171783447,24.71,7.71,-14.35,29.59
21.698719024658203,15.52,9.21,-11.15,21.21
21.7015962600708,10.71,11.36,-3.2,15.93
21.70464324951172,13.75,10.12,-1.3,17.12
21.710102081298828,0.57,23.92,-0.42,23.93
21.781172275543213,-52.9,45.31,14.22,71.08
21.78460121154785,-5.13,-38.18,-9.27,39.62
21.786899089813232,33.16,-8.75,-22.65,41.09
21.79053020477295,-8.94,1.88,28.08,29.52
21.7937970161438,-2.24,2.44,8.47,9.09
21.796584129333496,22.85,0.76,-11.64,25.65
21.799830198287964,-2.26,1.77,-7.95,8.45
21.802882194519043,-5.82,0.91,0.4,5.9
21.80588412284851,9.45,4.9,-0.59,10.66
21.811174154281616,4.94,3.16,-9.32,11.01
21.882156133651733,0.46,0.66,-10.39,10.42
21.885169982910156,19.16,5.9,-3.54,20.35
21.88735318183899,28.4,6.65,-1.06,29.18
21.890932083129883,0.42,0.42,-4.59,4.62
21.89417314529419,-6.95,-0.17,-4.02,8.03
21.897000312805176,3.56,0.92,-2.61,4.5
21.90030312538147,4.05,0.25,-1.85,4.45
21.903539180755615,0.67,0.03,-1.5,1.64
21.906293153762817,-0.14,0.55,-1.25,1.37
21.911614179611206,0.87,0.45,-0.67,1.18
21.983062267303467,1.23,-0.1,-0.6,1.37
21.98593020439148,0.11,0.04,-0.19,0.22
21.98811912536621,-0.01,0.46,1.26,1.34
21.99195623397827,1.3,-0.12,1.27,1.82
21.994961261749268,0.82,-0.11,0.08,0.83
21.99780797958374,-0.46,0.49,-0.32,0.74
22.001302242279053,-1.22,0.69,-0.57,1.51
22.004460096359253,-0.3,0.2,-0.8,0.87
22.00732707977295,-0.82,1.2,0.55,1.55
22.013439178466797,-0.56,-0.05,0.03,0.56
22.084609985351562,0.98,-0.32,0.51,1.15
22.087378978729248,1.05,-0.39,0.47,1.21
22.089627265930176,1.01,-0.51,0.04,1.13
22.0935320854187,0.85,-0.56,-0.06,1.01
22.09636116027832,1.0,-0.78,-0.24,1.29
22.099706172943115,1.45,-1.01,-0.34,1.79
22.102922201156616,2.3,-1.31,-0.3,2.66
22.10573410987854,2.51,-1.17,0.09,2.77
22.108525276184082,1.64,-0.56,0.62,1.84
22.114243030548096,0.4,-0.01,0.79,0.88
22.184823036193848,-0.62,0.39,0.6,0.94
22.187588214874268,-0.74,0.41,-0.08,0.84
22.18986415863037,-0.29,0.24,-0.61,0.71
22.19377613067627,-0.09,0.04,-0.41,0.42
22.196646213531494,0.43,-0.35,0.09,0.56
22.199960231781006,1.51,-0.81,-0.16,1.72
22.20321226119995,2.16,-1.22,-1.31,2.8
22.205998182296753,2.11,-1.5,-1.98,3.25
22.208779096603394,2.63,-1.43,-1.33,3.27
22.214473247528076,2.2,-0.84,-0.14,2.35
22.28559398651123,0.64,-0.28,0.11,0.7
22.288395166397095,-1.18,0.59,0.18,1.33
22.290728092193604,-1.39,0.43,1.18,1.87
22.294701099395752,1.15,-0.45,0.93,1.54
22.2975492477417,-0.49,1.05,-2.29,2.56
22.301012992858887,-5.41,1.77,-3.89,6.89
22.304201126098633,-2.65,0.48,-1.16,2.93
22.306972980499268,2.95,-0.06,0.2,2.95
22.30985927581787,1.12,0.02,-0.29,1.15
22.38338613510132,-0.53,0.4,0.6,0.89
22.386260986328125,0.1,0.35,1.71,1.74
22.388975143432617,-1.3,0.74,1.58,2.17
22.391354084014893,-1.67,0.8,1.24,2.22
22.39516019821167,-0.23,0.3,0.19,0.42
22.398025035858154,0.82,-0.13,0.03,0.83
22.401690006256104,0.33,-0.17,-0.16,0.4
22.404670238494873,-0.15,-0.09,-1.23,1.24
22.407411098480225,-0.08,-0.08,-0.63,0.64
22.41029405593872,0.28,-0.02,0.43,0.51
22.48273015022278,0.71,-0.29,-0.4,0.86
22.48563814163208,0.82,-0.52,-1.31,1.63
22.48836612701416,-0.4,-0.22,-1.04,1.13
22.49066710472107,-1.26,0.14,-0.34,1.31
22.494513988494873,0.29,-0.24,0.61,0.71
22.49738597869873,1.53,-0.37,0.49,1.64
22.50055718421936,1.86,-0.78,1.15,2.32
22.503711223602295,0.09,0.55,0.74,0.92
22.506484985351562,0.4,-0.79,0.96,1.3
22.509262084960938,0.99,-0.13,2.1,2.32
22.58087921142578,0.49,-0.24,-1.84,1.91
22.58450222015381,-0.62,0.24,-2.36,2.45
22.587225198745728,-1.34,0.38,-2.42,2.79
22.58936619758606,-1.46,0.73,-1.52,2.23
22.593172073364258,0.12,-0.06,-1.13,1.13
22.596121311187744,0.25,-0.01,-0.84,0.87
22.59931230545044,-1.27,0.31,2.21,2.56
22.60247230529785,-0.72,0.73,3.87,4.0
22.605374097824097,1.1,0.37,0.18,1.17
22.60820198059082,1.01,-1.41,-9.22,9.38
22.613780975341797,-0.38,-0.34,2.15,2.2
22.68337917327881,1.28,0.76,8.07,8.2
22.686238288879395,3.02,0.4,3.41,4.57
22.688443183898926,-1.12,-0.42,-4.0,4.17
22.692180156707764,-1.84,-0.53,-1.78,2.61
22.695176124572754,0.47,-0.01,-1.09,1.18
22.698028087615967,-0.74,0.27,-0.49,0.92
22.70114517211914,-0.15,0.06,-1.07,1.08
22.704276084899902,0.03,-0.2,-0.82,0.84
22.707122325897217,-0.35,0.2,-0.11,0.41
22.712587118148804,0.96,-0.14,-0.82,1.27
22.782325267791748,-1.61,0.05,0.05,1.61
22.7853102684021,-0.52,-0.45,-4.99,5.03
22.787536144256592,2.61,-0.06,3.52,4.38
22.79100012779236,0.0,0.66,4.68,4.72
22.794207096099854,-0.68,0.09,-0.95,1.17
22.79710102081299,0.09,-0.2,-1.73,1.74
22.800308227539062,0.45,-0.18,-0.04,0.48
22.803468227386475,0.47,-0.16,-0.32,0.59
22.80637216567993,0.01,-0.16,-0.91,0.92
22.811634063720703,0.19,-0.06,-0.21,0.28
22.88167119026184,0.18,-0.01,-0.03,0.18
22.88481616973877,0.01,-0.03,-0.32,0.32
22.8869731426239,-0.7,-0.04,0.01,0.7
22.890364170074463,-0.94,0.27,1.16,1.51
22.893596172332764,2.63,-0.44,-3.31,4.25
22.896642208099365,-1.59,0.27,1.63,2.29
22.89984917640686,0.96,0.23,1.48,1.77
22.902762174606323,0.99,-0.07,-0.67,1.19
22.905622005462646,-0.4,-0.05,-0.54,0.67
22.91108512878418,0.04,-0.03,-0.24,0.24
22.982158184051514,-0.13,-0.01,-0.44,0.45
22.985249042510986,-0.02,0.03,-0.34,0.34
22.98742914199829,0.16,-0.01,-0.28,0.32
22.990962028503418,-0.07,0.0,0.05,0.08
22.99423599243164,-0.24,0.08,0.34,0.42
22.997199058532715,-0.04,0.15,0.03,0.15
23.000295162200928,0.21,-0.05,-0.72,0.75
23.00347113609314,-0.08,0.16,-0.49,0.52
23.00644612312317,-1.34,1.39,-0.21,1.94
23.011934280395508,-1.04,0.78,-0.04,1.3
23.0817391872406,-0.05,-0.41,-0.01,0.41
23.084965229034424,0.04,0.08,-0.06,0.1
23.087244987487793,-0.24,0.48,0.56,0.77
23.090782165527344,0.13,0.46,0.75,0.88
23.094016075134277,1.05,-0.12,-0.08,1.05
23.09699511528015,0.5,0.13,-1.26,1.36
23.10007905960083,0.12,0.21,-1.05,1.07
23.103257179260254,0.09,0.33,-0.34,0.48
23.106245040893555,0.15,1.1,0.22,1.13
23.111502170562744,0.25,1.09,0.86,1.41
23.182563304901123,0.28,1.38,0.39,1.46
23.185601234436035,0.57,1.51,-0.29,1.63
23.187803268432617,0.4,2.21,-0.89,2.41
23.191229104995728,-0.02,2.33,-0.78,2.45
23.19447112083435,0.0,1.94,-0.59,2.02
23.197428226470947,-0.16,2.36,-0.44,2.4
23.20073127746582,-0.19,1.93,-0.06,1.94
23.203947067260742,-0.48,1.66,0.3,1.75
23.206933975219727,-0.7,2.57,0.74,2.76
23.212493181228638,-0.52,2.58,0.7,2.72
23.282658100128174,-0.47,2.47,0.45,2.55
23.28575325012207,-0.28,2.15,0.0,2.16
23.287999153137207,0.2,1.01,-0.55,1.16
23.29183316230774,0.25,1.5,-1.22,1.94
23.29492998123169,-0.26,3.2,-1.69,3.62
23.297883987426758,-0.24,7.1,-2.12,7.41
23.301170110702515,0.09,6.28,-0.44,6.29
23.30420207977295,1.25,3.13,0.02,3.37
23.307193279266357,-1.06,-1.11,-0.66,1.67
23.312917232513428,-3.15,2.14,-1.89,4.25
23.383366107940674,-0.75,4.18,-1.01,4.36
23.386341094970703,0.66,2.32,-0.42,2.44
23.388524055480957,0.04,1.78,0.32,1.8
23.392187118530273,-0.92,3.41,1.09,3.69
23.395249128341675,-1.54,2.78,0.64,3.24
23.398157119750977,-2.55,1.42,-0.47,2.95
23.401740074157715,-2.96,2.45,-1.12,4.0
23.40474820137024,-3.63,3.5,-1.22,5.18
23.407711029052734,-4.05,3.66,-0.46,5.47
23.41327428817749,-3.68,3.38,0.18,4.99
23.483307123184204,-3.75,3.47,-0.26,5.11
23.486343145370483,-3.48,3.69,0.91,5.15
23.488555192947388,-3.65,4.06,1.46,5.65
23.492292165756226,-3.87,4.26,1.4,5.92
23.495359182357788,-3.42,3.64,0.25,5.0
23.498257160186768,-3.15,2.86,-0.45,4.27
23.501535177230835,-3.46,3.05,-0.02,4.61
23.504518032073975,-3.7,3.61,-0.24,5.17
23.507464170455933,-3.56,3.67,-0.08,5.11
23.51305317878723,-3.06,3.21,0.2,4.43
23.583046197891235,-2.71,3.0,0.77,4.11
23.586151123046875,-2.32,3.09,1.45,4.12
23.588322162628174,-2.28,2.77,1.68,3.96
23.59196901321411,-2.37,2.65,1.79,3.98
23.595011234283447,-2.26,2.68,1.91,3.99
23.597976207733154,-1.85,1.99,1.93,3.33
23.601243019104004,-1.36,1.31,1.81,2.61
23.604214191436768,-1.23,0.72,1.24,1.88
23.607288122177124,-1.03,0.27,0.31,1.1
23.61275625228882,-0.81,-0.1,-0.12,0.82
23.681920051574707,-0.58,-0.19,0.04,0.61
23.68502712249756,-0.47,-0.14,0.19,0.52
23.6873140335083,-0.27,0.03,0.2,0.33
23.690625190734863,0.39,0.17,0.38,0.57
23.69387412071228,0.83,-0.04,0.92,1.23
23.696887016296387,0.84,-0.35,1.17,1.48
23.69994831085205,1.03,-0.35,0.83,1.36
23.70286798477173,1.45,-0.46,0.06,1.52
23.705936193466187,1.74,-0.75,-0.61,1.99
23.711326122283936,1.69,-1.36,-0.59,2.24
23.781087160110474,1.88,-1.6,-0.37,2.49
23.78479313850403,1.8,-1.17,0.01,2.14
23.78709125518799,1.5,-1.2,0.06,1.92
23.79041314125061,1.89,-1.25,-0.74,2.38
23.793614149093628,1.9,-1.34,-1.32,2.67
23.79664897918701,1.81,-1.52,-1.16,2.63
23.799832105636597,1.65,-1.73,-1.14,2.64
23.802998065948486,2.13,-1.38,-1.28,2.84
23.80604600906372,2.54,-1.03,-1.33,3.04
23.811431169509888,2.36,-1.16,-1.5,3.02
23.88031530380249,2.12,-1.07,-1.69,2.91
23.88401222229004,2.03,-0.72,-2.07,2.98
23.886409282684326,1.95,-0.64,-2.4,3.15
23.889729022979736,1.64,-1.19,-2.74,3.4
23.892885208129883,1.99,-1.24,-3.05,3.84
23.895970106124878,3.0,-0.77,-3.01,4.31
23.899099111557007,2.99,-0.77,-2.53,3.99
23.90201711654663,2.16,-1.14,-2.46,3.46
23.905084133148193,1.66,-1.29,-2.13,2.99
23.910320281982422,1.66,-1.22,-1.42,2.5
23.979631185531616,1.53,-1.7,-2.01,3.04
23.983132123947144,1.67,-1.86,-1.84,3.1
23.9853572845459,1.26,-1.76,-1.37,2.56
23.98898410797119,0.46,-1.86,-1.43,2.39
23.992181301116943,0.31,-1.57,-1.45,2.15
23.995010137557983,0.83,-1.26,-1.41,2.06
23.997928142547607,0.62,-1.34,-1.12,1.85
24.001485109329224,0.2,-1.79,-1.14,2.13
24.004286289215088,0.4,-1.77,-1.8,2.55
24.00965714454651,0.51,-1.28,-2.31,2.68
24.080239295959473,0.6,-0.93,-2.45,2.68
24.08366823196411,1.0,-0.88,-2.58,2.9
24.085976123809814,1.28,-1.1,-2.42,2.95
24.08964729309082,1.14,-1.29,-2.2,2.79
24.092787265777588,1.05,-1.39,-2.15,2.76
24.095555305480957,0.93,-1.42,-2.42,2.95
24.098507165908813,0.9,-1.25,-2.7,3.1
24.102034091949463,1.04,-1.06,-2.77,3.14
24.104828119277954,1.06,-0.88,-2.92,3.22
24.11025309562683,1.23,-0.75,-2.76,3.11
24.17906618118286,1.13,-0.6,-2.46,2.77
24.182608127593994,1.03,-0.39,-2.24,2.49
24.18484616279602,1.19,-0.34,-1.79,2.17
24.188414096832275,1.34,-0.74,-1.66,2.25
24.191681146621704,1.19,-1.1,-1.76,2.39
24.194558143615723,1.09,-1.3,-1.99,2.61
24.19745922088623,1.08,-1.22,-2.12,2.67
24.200817108154297,0.9,-0.88,-2.11,2.45
24.203816175460815,0.88,-0.54,-2.02,2.26
24.209050178527832,0.65,-0.42,-1.84,1.99
24.278876304626465,0.77,-0.43,-1.59,1.81
24.282535076141357,1.11,-0.59,-1.45,1.91
24.284775257110596,1.2,-0.79,-1.46,2.04
24.28842520713806,0.99,-0.75,-1.47,1.92
24.291733264923096,0.6,-0.62,-1.61,1.82
24.2946720123291,0.3,-0.49,-1.74,1.83
24.297654151916504,0.07,-0.39,-1.86,1.9
24.301236152648926,0.16,-0.24,-1.81,1.83
24.304089069366455,0.28,-0.23,-1.74,1.77
24.309447288513184,0.45,-0.41,-1.54,1.65
24.37918210029602,0.84,-0.47,-1.29,1.6
24.38273000717163,0.96,-0.56,-1.18,1.62
24.38498020172119,0.86,-0.45,-1.01,1.4
24.38855218887329,0.7,-0.15,-0.89,1.14
24.391802310943604,0.33,-0.18,-0.84,0.92
24.39458417892456,0.3,-0.14,-0.66,0.73
24.397391319274902,0.19,-0.26,-0.8,0.86
24.40157699584961,0.13,-0.5,-0.97,1.09
24.404341220855713,0.22,-0.6,-1.07,1.24
24.409610271453857,0.39,-0.42,-1.49,1.59
24.47913408279419,0.83,-0.21,-1.59,1.8
