time,ax (m/s^2),ay (m/s^2),az (m/s^2),aT (m/s^2),low_passed,fftx,freq,walking_type
19.088148,-1.7061,2.4563,-2.4379,3.858,5.984649926706935,352.4441286634644,0.1182033096926709,Uphill_data
19.105157,-1.6059,3.346,-6.4393,7.432,6.065193880492868,84.57605953439068,0.1477541371158395,Uphill_data
19.124243,-2.2637,3.8168,-7.7885,8.964,6.128017117831219,124.21741673671548,0.17730496453900813,Uphill_data
19.146023,-1.8928,4.6072,-5.7255,7.589,6.168750599173674,242.74930551196272,0.20685579196217674,Uphill_data
19.166803,-0.6803,4.8822,-5.5191,7.4,6.188169172283638,160.53923008159518,0.23640661938534535,Uphill_data
19.186441,0.228,4.7002,-4.9715,6.845,6.192550294774334,178.99213837627647,0.2659574468085104,Uphill_data
19.208759,0.4897,4.6011,-3.848,6.018,6.192470932613979,97.41933995098927,0.295508274231679,Uphill_data
19.226516,-0.0103,4.4558,-2.7582,5.24,6.200472555047512,62.164200801181835,0.32505910165484764,Uphill_data
19.249801,-0.5702,3.6696,-1.2521,3.919,6.228222634523559,16.29806107345081,0.35460992907801625,Uphill_data
19.267596,-0.9278,1.9563,1.9096,2.887,6.283939313714375,203.08774234724007,0.3841607565011813,Uphill_data
19.289327,-0.5761,-1.445,7.6185,7.776,6.370926070984964,103.13038916246433,0.4137115839243499,Uphill_data
19.306303,3.6257,-2.8929,7.8543,9.122,6.487698813699234,14.151677741571877,0.44326241134751854,Uphill_data
19.329061,1.9437,-3.4518,7.6008,8.571,6.629213116943295,127.26551981522279,0.47281323877068715,Uphill_data
19.347312,-1.8088,-3.7931,3.9373,5.759,6.787894642231497,76.55374498033152,0.5023640661938558,Uphill_data
19.367259,-0.7346,0.6564,2.2349,2.442,6.9535722142786724,46.6096852969455,0.5319148936170208,Uphill_data
19.387067,1.7515,3.6718,3.4368,5.326,7.112793753858892,50.28305359387758,0.5614657210401894,Uphill_data
19.409339,7.7381,0.5879,1.816,7.97,7.248961723064963,106.89887685614023,0.591016548463358,Uphill_data
19.426536,6.2218,-7.174,-1.8811,9.681,7.344229017618767,106.98603621152758,0.6205673758865267,Uphill_data
19.449594,4.4676,-10.6344,-3.2222,11.976,7.382629513919437,112.98595524519665,0.6501182033096953,Uphill_data
19.467312,6.4916,-2.7958,-3.7831,8.017,7.352848748537516,159.29491752425795,0.6796690307328603,Uphill_data
19.487957,3.7958,3.9043,-1.3816,5.618,7.249201723228008,97.35231500193078,0.709219858156029,Uphill_data
19.506987,-1.0668,1.7383,0.4348,2.085,7.070643005830732,87.51050103658478,0.7387706855791976,Uphill_data
19.530276,-2.9027,2.2697,-5.4271,6.56,6.819109327356989,293.44451469439366,0.7683215130023662,Uphill_data
19.547381,-5.7071,0.7015,-7.7397,9.642,6.49890344621028,798.2765221719932,0.7978723404255312,Uphill_data
19.571133,-6.0938,-3.3057,-6.647,9.604,6.117611542560979,831.1317694574595,0.8274231678486998,Uphill_data
19.595648,-4.9663,-1.645,-2.6517,5.865,5.687349713010124,236.0504583752869,0.8569739952718685,Uphill_data
19.607961,-3.1412,0.8427,-1.4508,3.561,5.224761338917234,342.57114850871716,0.8865248226950371,Uphill_data
19.62704,-1.0497,2.4437,-3.423,4.335,4.749394772993428,146.3083027566205,0.9160756501182057,Uphill_data
19.650549,0.7314,2.4795,-1.889,3.202,4.2813560305799685,81.28783531325723,0.9456264775413707,Uphill_data
19.667337,1.9802,0.9654,-0.7721,2.334,3.839288985722678,32.74361064443213,0.9751773049645394,Uphill_data
19.690711,1.8924,-0.4887,3.0109,3.59,3.4392042806014165,126.08483247660472,1.004728132387708,Uphill_data
19.706781,0.2279,-0.769,4.8551,4.921,3.094215237441452,106.32585219344305,1.0342789598108766,Uphill_data
19.728461,-0.4517,0.7017,2.3012,2.448,2.8148671777127223,87.05947388292537,1.0638297872340452,Uphill_data
19.74722,-0.513,2.3677,0.4397,2.462,2.6094888556440394,106.82061252582662,1.0933806146572103,Uphill_data
19.767553,-0.3729,2.5634,-1.1154,2.82,2.4841865824246545,122.64475251900824,1.1229314420803789,Uphill_data
19.786142,0.2607,1.3304,-2.528,2.869,2.4425274756206754,45.641385499343656,1.1524822695035475,Uphill_data
19.807803,0.6068,0.1881,-1.2567,1.408,2.485077828768494,7.952633703758081,1.182033096926716,Uphill_data
19.826509,0.6533,0.4296,1.3065,1.523,2.6088944660907183,40.37149068913607,1.2115839243498812,Uphill_data
19.850012,0.7731,0.7044,2.9295,3.111,2.807174792713461,54.698856732710865,1.2411347517730498,Uphill_data
19.866868,0.3348,-0.4721,3.8944,3.937,3.0693310945612247,147.14345115447958,1.2706855791962184,Uphill_data
19.890735,-0.0628,-0.3285,2.2118,2.237,3.3814809679294737,76.13806785745541,1.300236406619387,Uphill_data
19.90658,-0.5802,-1.7983,-0.3798,1.927,3.727125601935872,24.454263696916566,1.3297872340425556,Uphill_data
19.929321,-1.6834,-3.8032,1.6868,4.488,4.088037222075918,119.46613113221481,1.3593380614657207,Uphill_data
19.949433,-2.1971,-3.7771,4.1599,6.033,4.4456540933269135,103.36754925467226,1.3888888888888893,Uphill_data
19.968018,-1.0328,-4.008,3.2733,5.277,4.7829750327592375,82.74297576397464,1.418439716312058,Uphill_data
19.989146,-0.4781,-4.5794,3.2264,5.622,5.086417486616455,103.89476854159594,1.4479905437352265,Uphill_data
20.008687,-3.1814,-5.1014,2.3242,6.446,5.347083250853037,313.139645471666,1.4775413711583951,Uphill_data
20.029205,-4.8827,-3.1427,3.366,6.712,5.561233807366569,14.244157256922534,1.5070921985815602,Uphill_data
20.048425,-3.9923,-3.0346,3.7538,6.264,5.729945280381058,47.09419569495033,1.5366430260047288,Uphill_data
20.069415,-2.9734,-2.5564,2.7955,4.816,5.857911140633089,78.99903378074532,1.5661938534278974,Uphill_data
20.088886,-1.5992,-2.2262,1.8386,3.301,5.951576914498086,372.76244586924577,1.595744680851066,Uphill_data
20.109396,-0.1965,-3.6956,1.2108,3.894,6.017252535422134,901.2769314100414,1.625295508274231,Uphill_data
20.129226,2.6738,-4.3561,-5.3213,7.378,6.060108783196688,327.78869027597864,1.6548463356973997,Uphill_data
20.149613,5.6871,-4.1082,-7.4534,10.236,6.08450094114221,106.10975805685128,1.6843971631205683,Uphill_data
20.168993,5.771,-2.568,-1.0471,6.403,6.094970557023088,152.49762305591105,1.713947990543737,Uphill_data
20.189437,3.3691,-1.2681,3.4109,4.959,6.096607129052314,48.07929998755932,1.7434988179669055,Uphill_data
20.209118,0.9959,-1.7645,-0.007,2.026,6.094128987125643,174.8132059616738,1.7730496453900706,Uphill_data
20.229243,-1.9338,-2.2939,-7.8344,8.389,6.090410983383838,87.16692784312269,1.8026004728132392,Uphill_data
20.249279,-1.5962,0.9379,-2.3898,3.023,6.085678323317877,114.08763126022131,1.8321513002364078,Uphill_data
20.269236,-1.5853,2.7057,-4.3355,5.351,6.07791673489012,54.35365709482396,1.8617021276595764,Uphill_data
20.289463,-1.287,3.6215,-7.7085,8.614,6.064376927860903,36.69799352212911,1.8912529550827415,Uphill_data
20.309157,-1.1442,4.4033,-7.4951,8.768,6.043792631278945,67.08438037001426,1.92080378250591,Uphill_data
20.329529,-0.4485,4.4316,-5.2953,6.92,6.018523868561526,34.87366263900229,1.9503546099290787,Uphill_data
20.349302,0.6848,4.5962,-5.012,6.835,5.995577483183101,46.88106358691254,1.9799054373522473,Uphill_data
20.369749,1.3617,5.0385,-3.7462,6.425,5.985981141498204,8.986812494690781,2.009456264775416,Uphill_data
20.389433,1.7298,4.9336,-2.4186,5.76,6.002761115121145,42.08986180208932,2.039007092198581,Uphill_data
20.409753,1.0051,4.1782,-2.2603,4.856,6.058081314293186,82.58106202109423,2.0685579196217496,Uphill_data
20.429159,-0.1926,3.7259,-2.0501,4.257,6.160117939346639,68.03855678564118,2.0981087470449182,Uphill_data
20.449918,-0.3696,3.1896,-0.6156,3.269,6.310325993608107,41.933578126737196,2.127659574468087,Uphill_data
20.469538,0.3261,1.1786,4.083,4.262,6.501862035529546,58.63900874981775,2.1572104018912555,Uphill_data
20.490683,2.0761,-2.3987,6.4581,7.195,6.719833304995399,43.766704422905015,2.1867612293144205,Uphill_data
20.509575,1.8309,-5.9108,6.7142,9.131,6.943526238127034,27.808441249753173,2.216312056737589,Uphill_data
20.530447,-2.7542,-8.5302,7.0349,11.395,7.149874830181199,41.681338928012266,2.2458628841607577,Uphill_data
20.549641,-1.3271,-2.3615,2.9429,4.0,7.316759764621445,76.6342157223613,2.2754137115839264,Uphill_data
20.570691,2.0383,4.8439,2.0208,5.63,7.425101835609524,63.97196036709078,2.3049645390070914,Uphill_data
20.589434,7.2996,2.4971,-0.413,7.726,7.4600386758787405,30.80976349959584,2.33451536643026,Uphill_data
20.609027,10.2808,-6.0524,-0.0338,11.93,7.4122573144216455,43.34033059109384,2.3640661938534286,Uphill_data
20.629615,3.3974,-10.6834,-5.0732,12.305,7.279672039587399,105.93104122469983,2.3936170212765973,Uphill_data
20.650136,0.0462,-1.769,-3.32,3.762,7.068196941849566,121.81819525829663,2.423167848699766,Uphill_data
20.669904,2.3751,4.7051,-1.0325,5.371,6.790397115459522,129.05253557544484,2.452718676122931,Uphill_data
20.692575,-1.3422,-0.0476,4.79,4.975,6.462427436692235,55.07337967707212,2.4822695035460995,Uphill_data
20.713902,-2.5437,-0.2593,-2.2375,3.398,6.1009127761994115,105.97004645029608,2.511820330969268,Uphill_data
20.730295,-3.2484,0.7971,-7.6748,8.372,5.7210782999226195,45.04734953690636,2.5413711583924368,Uphill_data
20.750666,-3.9603,-2.2669,-5.2298,6.941,5.336282915166152,59.3485795657826,2.5709219858156054,Uphill_data
20.770491,-2.963,-1.9539,-3.2115,4.787,4.958167921632127,38.479199565522656,2.6004728132387704,Uphill_data
20.790125,-0.9774,1.4329,-0.6108,1.839,4.596451784034754,32.15876768142752,2.630023640661939,Uphill_data
20.810668,1.2141,3.0423,-1.8912,3.782,4.258179260171202,96.68576622388454,2.6595744680851077,Uphill_data
20.830914,2.1816,3.3821,-2.279,4.625,3.9471235115482832,67.26809184960332,2.6891252955082763,Uphill_data
20.850958,2.1589,2.6721,-1.072,3.599,3.663955067098175,19.22936733858037,2.7186761229314413,Uphill_data
20.870827,-0.1826,0.1019,-1.0025,1.024,3.4070882054955076,23.004619479642294,2.74822695035461,Uphill_data
20.891081,-3.4811,-3.2103,0.9972,4.839,3.17390476435205,9.803341362400783,2.7777777777777786,Uphill_data
20.910808,-3.8786,-2.8573,2.3649,5.367,2.962295195388104,35.329492130966656,2.807328605200947,Uphill_data
20.931539,-2.297,0.7603,-0.3356,2.443,2.772293857098707,20.40391513277314,2.836879432624116,Uphill_data
20.950818,-0.0697,2.8367,-1.2897,3.117,2.607202074486973,11.035323091147463,2.866430260047281,Uphill_data
20.973206,1.655,3.4162,-0.1672,3.8,2.4737931951158774,32.819259054173585,2.8959810874704495,Uphill_data
20.993975,1.9154,2.0814,1.5266,3.214,2.38167263504934,19.354298279412195,2.925531914893618,Uphill_data
21.01171,0.2321,0.4701,1.6326,1.715,2.341917920016766,39.021948133362834,2.9550827423167867,Uphill_data
21.031248,-0.7457,-0.1064,0.5929,0.959,2.365057014066728,42.54140340027983,2.9846335697399553,Uphill_data
21.05205,0.3264,0.1591,0.452,0.58,2.458738025154209,25.54706662778763,3.0141843971631204,Uphill_data
21.071465,1.1995,0.2796,1.9634,2.318,2.625781841852306,24.52877027123064,3.043735224586289,Uphill_data
21.091944,0.711,-0.2117,3.8174,3.889,2.86318519932632,39.81643314574661,3.0732860520094576,Uphill_data
21.111949,-0.5794,-0.0597,2.9884,3.045,3.1620736540017034,34.22497490071782,3.102836879432626,Uphill_data
21.132203,-1.3305,-0.2738,-0.5647,1.471,3.5081400178076194,14.76020506442366,3.1323877068557913,Uphill_data
21.151601,-1.591,-1.4471,-0.9055,2.334,3.8822770584631243,43.07138556727391,3.16193853427896,Uphill_data
21.172244,-1.4306,-2.9853,1.9498,3.842,4.261698718913059,23.908210288762852,3.1914893617021285,Uphill_data
21.191869,-1.1356,-4.5604,3.3714,5.784,4.622027954517038,44.83154824646687,3.221040189125297,Uphill_data
21.212635,-1.0188,-4.882,4.1816,6.508,4.94031524393735,61.71228407970045,3.2505910165484657,Uphill_data
21.232019,-1.9574,-5.2222,2.9929,6.329,5.198309546176622,55.25692122020512,3.2801418439716308,Uphill_data
21.252879,-4.7071,-5.6301,0.526,7.357,5.385131146576919,19.845711414664603,3.3096926713947994,Uphill_data
21.27252,-5.5503,-5.1153,2.4048,7.922,5.498745837854468,22.596147460684566,3.339243498817968,Uphill_data
21.29292,-2.8006,-3.8831,4.6252,6.657,5.545893485164738,8.565930487604351,3.3687943262411366,Uphill_data
21.312284,-0.0875,-1.3428,3.9668,4.189,5.540301746756669,12.469367644484155,3.3983451536643052,Uphill_data
21.332355,0.3579,-1.4144,1.9945,2.471,5.499448652141867,13.535063404479443,3.4278959810874703,Uphill_data
21.35244,-0.1572,-2.8658,0.6934,2.953,5.440842049786609,11.868799925477482,3.457446808510639,Uphill_data
21.372925,1.39,-3.7403,-0.885,4.087,5.379175089122395,14.131799229980189,3.4869976359338075,Uphill_data
21.392655,4.2347,-3.2634,-5.4863,7.66,5.325288968508247,8.541706980259445,3.516548463356976,Uphill_data
21.412834,5.3382,-2.5076,-5.0043,7.735,5.286794904706646,10.12584136650783,3.546099290780141,Uphill_data
21.432569,4.5852,-1.2357,0.1813,4.752,5.269224786317531,9.548442974471035,3.57565011820331,Uphill_data
21.452598,3.1408,-0.5608,2.5189,4.065,5.276522531460904,5.806509033908676,3.6052009456264784,Uphill_data
21.473574,-0.1603,-1.7274,-2.7174,3.224,5.3106414824505315,1.8139105643558948,3.634751773049647,Uphill_data
21.492999,-2.8047,-1.5689,-5.6758,6.522,5.370990995868018,2.287009706692464,3.6643026004728156,Uphill_data
21.513026,-1.5464,1.5754,-2.7471,3.524,5.454534825019364,10.146189357291066,3.6938534278959807,Uphill_data
21.533141,-0.852,2.8931,-4.7997,5.669,5.556754054504501,8.376181603517708,3.7234042553191493,Uphill_data
21.553206,-1.2906,3.431,-7.6317,8.466,5.67326606780812,8.495846667090303,3.752955082742318,Uphill_data
21.573284,-1.795,4.3545,-5.7393,7.425,5.80168051995705,9.267322030061358,3.7825059101654865,Uphill_data
21.593691,-1.1923,4.826,-4.3654,6.616,5.942975250516118,13.568443044919661,3.812056737588655,Uphill_data
21.613657,-0.361,4.761,-4.6988,6.699,6.101671008888235,3.484449278013477,3.84160756501182,Uphill_data
21.633554,0.0661,4.7947,-4.1604,6.348,6.28463526580761,3.892083166532017,3.871158392434989,Uphill_data
21.653639,0.2326,4.8577,-3.1312,5.784,6.498886698279399,2.8231294644412133,3.9007092198581574,Uphill_data
21.67368,-0.2359,4.2273,-2.2199,4.781,6.748937649612944,11.33024215109905,3.930260047281326,Uphill_data
21.693993,-0.7564,3.0305,-0.1045,3.125,7.0343031570849135,5.302890749562241,3.959810874704491,Uphill_data
21.714162,-1.1072,1.2426,5.9528,6.181,7.348008169284843,6.509877430073011,3.9893617021276597,Uphill_data
21.73401,0.8276,-1.2509,10.563,10.669,7.676858924103055,4.747439337348078,4.018912529550828,Uphill_data
21.75388,3.2482,-6.9426,7.3359,10.61,8.00343306758715,8.097183541119884,4.048463356973997,Uphill_data
21.774157,-0.4162,-10.542,2.2117,10.78,8.308567181600111,9.927088069064437,4.078014184397166,Uphill_data
21.794314,-1.5318,-0.0604,2.5441,2.97,8.57281445371428,5.275627283305069,4.107565011820331,Uphill_data
21.814392,1.8368,5.388,-1.116,5.801,8.776535567313335,4.274486519538298,4.137115839243499,Uphill_data
21.834447,8.62,0.596,-3.0267,9.155,8.899931615050715,2.2100520276929307,4.166666666666668,Uphill_data
21.854471,6.8203,-9.4092,4.6434,12.514,8.924590370776684,3.8050811363541244,4.1962174940898365,Uphill_data
21.874588,-0.1907,-10.7419,-4.0786,11.492,8.836581176538003,2.556628013718482,4.225768321513005,Uphill_data
21.894772,3.1326,6.159,-8.759,11.156,8.629524208510933,1.9087097425513273,4.25531914893617,Uphill_data
21.914625,4.6384,5.8688,-1.5856,7.647,8.305978690509303,2.7461051680285706,4.284869976359339,Uphill_data
21.935082,1.0085,0.4591,4.7915,4.918,7.876676477572191,6.008680240598094,4.314420803782507,Uphill_data
21.955071,-4.6149,-0.558,-2.5552,5.305,7.358453883393865,2.850294774947354,4.343971631205676,Uphill_data
21.975158,-6.353,-1.0901,-7.8549,10.161,6.772326730563587,4.199103640207097,4.373522458628841,Uphill_data
21.99531,-4.9445,-2.4478,-6.5027,8.528,6.142501962322174,2.9614488415124045,4.40307328605201,Uphill_data
22.015467,-3.2862,-0.3309,-4.3261,5.443,5.495733174696464,4.442106113307495,4.432624113475178,Uphill_data
22.035496,-1.6073,1.1524,-3.1635,3.731,4.85984109742981,4.5117798539213245,4.462174940898347,Uphill_data
22.0557,-0.2449,1.4145,-1.7853,2.291,4.261070219658335,3.3120934483676905,4.4917257683215155,Uphill_data
22.075851,1.2087,1.4682,-0.3253,1.929,3.7210908396318203,3.9319055699070327,4.5212765957446805,Uphill_data
22.096018,1.1568,0.6249,-0.3896,1.371,3.2547565351860106,4.396642782251071,4.550827423167849,Uphill_data
22.116176,-0.4759,-1.1916,1.5182,1.988,2.8693349542331306,3.112687689263571,4.580378250591018,Uphill_data
22.136171,-1.5745,-1.332,4.2885,4.759,2.5653735627493974,2.7111319670720113,4.609929078014186,Uphill_data
22.15624,-1.7116,0.451,2.003,2.673,2.3387845508652525,1.5985474073588561,4.639479905437355,Uphill_data
22.176373,-1.1291,2.2124,-0.5295,2.54,2.1832981752264686,3.3403620435667922,4.66903073286052,Uphill_data
22.196391,-0.3361,2.9829,-2.2519,3.753,2.092499792984223,2.04118821344655,4.698581560283689,Uphill_data
22.216512,0.3808,2.0841,-1.9425,2.874,2.0611005849177917,3.0459427206137524,4.728132387706857,Uphill_data
22.236608,-0.4069,0.3011,0.2488,0.564,2.085376489315708,3.0886767999366755,4.757683215130026,Uphill_data
22.25648,-1.2982,-0.3869,2.6186,2.948,2.1628713483101425,4.549116234523324,4.787234042553191,Uphill_data
22.276567,-0.531,-0.3195,2.4777,2.554,2.2916928933817373,4.172785945219631,4.81678486997636,Uphill_data
22.296924,0.5747,-0.5223,1.4465,1.642,2.4697359774108962,4.228978222791462,4.846335697399528,Uphill_data
22.316693,1.0609,-1.0317,1.9423,2.442,2.693935230805808,3.5496167159233507,4.875886524822697,Uphill_data
22.336912,1.4263,-0.9173,3.9022,4.255,2.9595796705029613,2.128100463515804,4.905437352245865,Uphill_data
22.360426,0.302,-0.6498,2.7764,2.867,3.259719341086491,4.1932179810320065,4.9349881796690305,Uphill_data
22.381139,-1.2369,-0.4885,-0.9471,1.633,3.5845715195101686,4.386962371479377,4.964539007092199,Uphill_data
22.398932,-1.4624,-0.629,-0.9325,1.845,3.9209624529656346,4.944451357753571,4.994089834515368,Uphill_data
22.418589,-1.4156,-2.1474,1.9577,3.232,4.252298122003466,3.8308735756206573,5.023640661938536,Uphill_data
22.439297,-1.9555,-4.8736,2.6127,5.865,4.559693033940621,3.4792050696774846,5.053191489361705,Uphill_data
22.458281,-1.649,-4.7564,2.6767,5.702,4.824337415727863,2.054399644271362,5.08274231678487,Uphill_data
22.478599,-2.836,-4.8899,1.7589,5.92,5.030462896563189,3.222622368661194,5.112293144208039,Uphill_data
22.49875,-5.2264,-5.0591,1.5439,7.436,5.16803723070628,2.535310709118975,5.141843971631207,Uphill_data
22.519423,-4.5603,-3.9347,3.5167,6.975,5.234549323861491,3.427320502116019,5.171394799054376,Uphill_data
22.538537,-3.6999,-3.4726,4.3196,6.664,5.2354736269231745,3.2567854517786783,5.200945626477541,Uphill_data
22.563226,-2.6381,-1.6601,3.6562,4.805,5.183162654003693,3.4432881301207225,5.2304964539007095,Uphill_data
22.578256,-0.6858,-1.0221,2.4603,2.751,5.094289404778163,3.0877006565665663,5.260047281323878,Uphill_data
22.599929,0.6147,-1.9649,0.0688,2.06,4.986555482260796,3.0955417644362475,5.289598108747047,Uphill_data
22.61843,1.5489,-3.2783,-3.5545,5.077,4.875808578683218,2.6687069561217567,5.319148936170215,Uphill_data
22.638949,3.1023,-3.2757,-3.6317,5.792,4.774484420415439,2.2595097398099515,5.34869976359338,Uphill_data
22.658352,4.0804,-2.2211,-2.0996,5.098,4.691390395185641,2.3345021616664954,5.378250591016549,Uphill_data
22.678234,3.7451,-1.3111,-0.4408,3.992,4.632077213246218,2.5458086192714937,5.407801418439718,Uphill_data
22.698611,2.5905,-1.215,-1.9076,3.439,4.599138519116053,2.937162769308223,5.437352245862886,Uphill_data
22.71931,-0.4376,-1.0987,-5.956,6.072,4.5924064235656585,3.421500790232987,5.466903073286051,Uphill_data
22.7385,-1.2156,1.076,-2.1471,2.692,4.60931812465384,3.25458896797179,5.49645390070922,Uphill_data
22.759073,-1.6766,2.1511,-2.2147,3.513,4.64559492567751,2.9886760440637894,5.5260047281323885,Uphill_data
22.778835,-1.5511,2.5458,-5.4212,6.187,4.696320779357251,3.6699645824909233,5.555555555555557,Uphill_data
22.799547,-1.1117,3.7323,-6.0125,7.164,4.757484812599213,2.4988643417823515,5.585106382978726,Uphill_data
22.81883,-1.2792,3.1608,-4.4858,5.635,4.827619950581556,2.3256311486428842,5.614657210401891,Uphill_data
22.839256,-0.4778,2.8983,-4.561,5.425,4.908742869608292,2.5536905277049975,5.644208037825059,Uphill_data
22.858898,0.5867,3.2393,-3.8004,5.028,5.00607829695032,2.5523780836101353,5.673758865248228,Uphill_data
22.879046,0.8689,3.4424,-3.2746,4.83,5.126715609643024,3.468868652504623,5.703309692671397,Uphill_data
22.899279,0.6347,3.8796,-2.8556,4.859,5.277689312048378,2.4531171791083977,5.732860520094565,Uphill_data
22.92039,0.1223,4.0801,-2.5902,4.834,5.463935745893987,3.1790148046191042,5.76241134751773,Uphill_data
22.939724,-0.3897,4.0122,-2.3197,4.651,5.686451798880366,3.084984587800321,5.791962174940899,Uphill_data
22.962725,-0.7548,3.6334,-0.3966,3.732,5.940927944932993,2.7281329418127678,5.8215130023640675,Uphill_data
22.981034,-0.8315,1.607,4.0943,4.476,6.217188964285194,3.0264745937924133,5.851063829787236,Uphill_data
23.006082,1.0573,-1.0221,6.5455,6.709,6.4998397564053265,2.733355695530903,5.880614657210401,Uphill_data
23.031471,1.1207,-5.5,8.1108,9.864,6.770263671604544,1.88339565086151,5.91016548463357,Uphill_data
23.04071,-1.5739,-8.2457,6.4412,10.581,7.009402711649812,2.375988566413159,5.9397163120567384,Uphill_data
23.06123,-1.5494,-2.6157,3.7327,4.814,7.200076367095098,2.4042334809874224,5.969267139479907,Uphill_data
23.081508,-0.5359,3.9437,1.4766,4.245,7.327902899894806,2.3584516128136226,5.998817966903076,Uphill_data
23.104461,5.2119,3.869,-1.7457,6.722,7.381235510253222,2.307662192160494,6.028368794326241,Uphill_data
23.130931,7.8571,-5.2675,0.9412,9.506,7.351468220681648,2.8603136913248446,6.057919621749409,Uphill_data
23.140394,2.9947,-12.0841,0.7368,12.471,7.2343623412540055,2.4857149225707036,6.087470449172578,Uphill_data
23.16053,2.1719,-4.0597,-2.0068,5.022,7.031506245679858,2.639669850446893,6.117021276595747,Uphill_data
23.180951,5.4953,5.014,-3.6206,8.273,6.750506991977919,2.9789752676845453,6.146572104018915,Uphill_data
23.20085,2.5242,3.027,-0.3758,3.959,6.403499771022499,2.622158177146058,6.17612293144208,Uphill_data
23.220722,-0.2363,1.4503,0.0886,1.472,6.004800722051223,2.618336537601136,6.205673758865249,Uphill_data
23.245952,-4.4334,0.9091,-5.6178,7.214,5.569007089925916,2.9200253652426205,6.2352245862884175,Uphill_data
23.262141,-4.6819,-0.9147,-6.724,8.244,5.110484374170497,2.6714991164566,6.264775413711586,Uphill_data
23.285638,-3.541,-1.6961,-4.1123,5.686,4.644048172600372,2.806518703959353,6.294326241134751,Uphill_data
23.302113,-2.8224,0.2703,-0.5034,2.88,4.185587423764588,2.2652809839509884,6.32387706855792,Uphill_data
23.325968,-0.986,2.9047,-1.6864,3.501,3.7516576216314306,2.3005096293091896,6.353427895981088,Uphill_data
23.341843,0.012,3.6017,-1.7632,4.01,3.3582414246672307,2.8145872308758464,6.382978723404257,Uphill_data
23.364944,0.7586,1.8907,-0.7537,2.172,3.0193629759979963,2.2610156573837186,6.412529550827426,Uphill_data
23.382278,0.9435,0.619,-0.6084,1.282,2.7458913952638198,2.557513804337077,6.442080378250591,Uphill_data
23.407158,-0.5988,-1.7065,-0.3201,1.837,2.544655536448799,2.693105750903536,6.471631205673759,Uphill_data
23.421637,-1.5499,-2.2596,0.7012,2.828,2.4181234912463245,1.9772949536841886,6.501182033096928,Uphill_data
23.445927,-1.0171,1.0955,0.9151,1.753,2.364825551493837,2.335487002311829,6.5307328605200965,Uphill_data
23.462327,0.8502,3.4806,2.1608,4.184,2.380349624150979,2.1501649870484094,6.560283687943265,Uphill_data
23.484567,1.7884,2.4697,1.3263,3.325,2.4584871981180245,2.90414995708941,6.58983451536643,Uphill_data
23.502549,1.4411,-0.1138,-0.3918,1.498,2.592073667195785,2.3109016543727114,6.619385342789599,Uphill_data
23.526596,0.277,-1.8139,-1.5859,2.425,2.7732803668057073,2.3977314135929504,6.648936170212767,Uphill_data
23.542014,0.0704,-0.976,1.6939,1.956,2.9935658583717,2.4962507479818288,6.678486997635936,Uphill_data
23.566567,-0.1621,0.8701,5.7812,5.849,3.2437458944738955,2.28042313426492,6.708037825059101,Uphill_data
23.591499,-0.4733,0.8028,3.8092,3.922,3.5143143557045553,2.045693980599142,6.73758865248227,Uphill_data
23.605364,0.0836,0.1628,-2.233,2.241,3.795633212701073,2.4225277387580038,6.767139479905438,Uphill_data
23.622603,0.2619,0.2923,-2.9725,2.998,4.077663654512558,2.166549849682098,6.796690307328607,Uphill_data
23.647739,-1.0533,-1.7346,2.719,3.393,4.3495408582764945,2.4003027318863435,6.8262411347517755,Uphill_data
23.666252,-1.856,-3.6134,3.9208,5.646,4.5996424104517075,2.2149407636340657,6.855791962174941,Uphill_data
23.69127,-0.5378,-4.0976,2.2225,4.692,4.8164153419070335,2.46908241050094,6.885342789598109,Uphill_data
23.704524,0.8524,-3.2145,3.164,4.59,4.989671958116315,2.4138315325570496,6.914893617021278,Uphill_data
23.727666,-0.0724,-3.9043,3.4601,5.217,5.1119742738189915,2.498073599697649,6.944444444444446,Uphill_data
23.74537,-3.9043,-5.4054,1.3805,6.809,5.179976579027762,2.086907243650138,6.973995271867615,Uphill_data
23.768303,-5.4681,-4.8508,1.7265,7.511,5.1956239277824565,2.334783106614241,7.00354609929078,Uphill_data
23.785965,-3.8469,-4.5542,3.8164,7.078,5.1667721585896516,2.2481784739994657,7.033096926713952,Uphill_data
23.803338,-2.7055,-3.4379,2.7745,5.18,5.106578100642192,2.0032613944614304,7.062647754137117,Uphill_data
23.824923,-0.9589,-1.8898,1.6793,2.704,5.031346609663971,2.3513995859031955,7.092198581560282,Uphill_data
23.847867,0.9688,-1.0249,1.7229,2.227,4.957316125340986,2.10379839484254,7.1217494089834545,Uphill_data
23.866667,1.9308,-2.0895,-0.3003,2.861,4.897565316504797,2.237238298054415,7.15130023640662,Uphill_data
23.888983,2.9326,-2.3961,-4.8131,6.124,4.860239022452888,2.2374743143857456,7.180851063829792,Uphill_data
23.907316,4.2742,-1.695,-4.6965,6.573,4.8484855057104115,2.1670734675127097,7.210401891252957,Uphill_data
23.930297,3.672,-1.4005,0.517,3.964,4.861454068099204,2.201058212997871,7.239952718676122,Uphill_data
23.956275,1.9069,-1.3173,3.7018,4.367,4.895356251149535,2.203571613758215,7.269503546099294,Uphill_data
23.96669,0.4766,-1.9692,-1.0805,2.296,4.944223677636529,2.065176563660699,7.299054373522459,Uphill_data
23.986805,-1.0061,-1.5473,-7.4208,7.647,5.000787506719843,2.072756037154786,7.328605200945624,Uphill_data
24.009439,-0.7383,1.9363,-3.903,4.419,5.0579404455651895,2.143512951059227,7.358156028368796,Uphill_data
24.025816,-0.4463,3.486,-5.0385,6.143,5.110635375017996,2.127693269644111,7.387706855791961,Uphill_data
24.047535,-1.0683,3.8778,-6.5298,7.669,5.157653665204629,2.1279556073636177,7.417257683215134,Uphill_data
24.065465,-2.031,4.0011,-4.7905,6.564,5.202703978217235,2.065271902711191,7.446808510638299,Uphill_data
24.086381,-1.3228,3.3622,-3.4762,5.014,5.254417782977345,2.040904202730786,7.476359338061464,Uphill_data
24.105441,0.194,2.7186,-4.0049,4.844,5.325034293706301,2.057514881997081,7.505910165484636,Uphill_data
24.129278,1.0639,3.2729,-3.7902,5.12,5.428080609803157,2.0416231162596605,7.535460992907801,Uphill_data
24.147353,0.821,4.298,-2.9502,5.277,5.5756990546626195,2.063261218975666,7.565011820330973,Uphill_data
24.167285,-0.0129,4.7228,-2.466,5.328,5.776123051619235,2.002639718394377,7.594562647754138,Uphill_data
24.185677,-0.7833,3.939,-2.2045,4.581,6.031501526590376,2.069620620691349,7.624113475177303,Uphill_data
24.206599,-1.1487,3.216,-0.6,3.467,6.3362287171525695,1.9487457457846151,7.653664302600475,Uphill_data
24.225108,-0.5711,1.6744,2.1476,2.782,6.676199672074234,2.052867296585051,7.68321513002364,Uphill_data
24.246436,2.0764,-1.6558,5.5997,6.198,7.029724357881373,2.028944966174969,7.712765957446813,Uphill_data
24.267304,1.5539,-7.5157,10.8911,13.324,7.370645182898154,2.081752903578448,7.742316784869978,Uphill_data
24.288222,-4.4742,-10.726,8.5233,14.412,7.673034558064545,1.9686990749151951,7.771867612293143,Uphill_data
24.307322,-2.7972,-3.1993,2.0577,4.722,7.915374241096154,2.0517292243278904,7.801418439716315,Uphill_data
24.33128,2.6418,3.9846,-1.8258,5.118,8.08221968801296,2.068429713658192,7.83096926713948,Uphill_data
24.353485,7.0966,1.1972,-1.4657,7.345,8.16351715813684,2.02593903355415,7.860520094562652,Uphill_data
24.367527,7.0174,-5.6511,4.3554,10.007,8.153532725970559,2.011771480048287,7.890070921985817,Uphill_data
24.386871,0.434,-10.0351,2.7613,10.417,8.050721964170116,1.886140272469585,7.919621749408982,Uphill_data
24.405958,0.0481,1.3809,-5.0933,5.277,7.858133771205856,2.0073170438052226,7.949172576832154,Uphill_data
24.42679,2.7452,8.4183,-4.9161,10.128,7.583398000391655,1.9014619858945636,7.9787234042553195,Uphill_data
24.45195,5.1701,4.5397,-0.9937,6.952,7.23802612756586,2.0373020667867214,8.008274231678492,Uphill_data
24.467788,1.0091,-0.7746,2.4319,2.745,6.83629302866957,1.946786626810593,8.037825059101657,Uphill_data
24.491119,-6.653,-3.9433,-4.618,9.008,6.39408715461413,1.9494905217034146,8.067375886524822,Uphill_data
24.50731,-5.9578,-2.0402,-6.7607,9.239,5.928124529540894,2.041459690751836,8.096926713947994,Uphill_data
24.529968,-1.4922,-0.4252,-2.8819,3.273,5.455423823732022,1.953438185745229,8.126477541371159,Uphill_data
24.548794,-0.2501,1.6081,-2.5432,3.019,4.992365738342012,1.886606154644252,8.156028368794324,Uphill_data
24.569113,0.3211,3.2697,-2.0862,3.892,4.553194277442407,1.9201564531176287,8.185579196217496,Uphill_data
24.586831,1.0878,4.3643,0.5064,4.526,4.1487640240915376,1.9679281672792899,8.215130023640661,Uphill_data
24.612162,1.2551,3.3122,-0.2123,3.548,3.786196967807054,1.8635151235790977,8.244680851063833,Uphill_data
24.626861,-0.3513,0.7607,-1.7597,1.949,3.469327043201833,1.9159255102661081,8.274231678486998,Uphill_data
24.652116,-2.7231,-2.2873,-1.7129,3.947,3.1995920993750193,1.8302890643071448,8.303782505910164,Uphill_data
24.670916,-3.8214,-3.1373,-0.7608,5.002,2.977262770941036,1.7862359193511408,8.333333333333336,Uphill_data
24.690715,-2.0759,0.3019,1.2868,2.461,2.8028190999472917,1.9419598855418923,8.3628841607565,Uphill_data
24.707438,0.4751,1.8021,2.7331,3.308,2.6780107814503666,1.8412392954984202,8.392434988179673,Uphill_data
24.727203,1.9386,1.5155,3.5071,4.284,2.6062437194022734,1.886573920325764,8.421985815602838,Uphill_data
24.748345,1.5917,0.7602,2.8414,3.344,2.592228314473575,1.8185552650680143,8.451536643026003,Uphill_data
24.770993,-0.2273,0.657,0.8048,1.064,2.640862623806428,1.7885646544838198,8.481087470449175,Uphill_data
24.787629,-0.4961,1.3424,-1.0085,1.751,2.7554242508328493,1.8578570361740687,8.51063829787234,Uphill_data
24.810674,0.8422,1.5048,-1.324,2.174,2.935553876528579,1.8752784456428224,8.540189125295512,Uphill_data
24.827623,1.4764,0.2867,-0.6991,1.659,3.175723685634187,1.8427745378514813,8.569739952718678,Uphill_data
24.848471,0.9173,-0.5227,2.1816,2.424,3.4646390254236064,1.855555521587502,8.599290780141843,Uphill_data
24.871397,-0.9214,-0.108,5.3558,5.436,3.785687492072257,1.8388851632489787,8.628841607565015,Uphill_data
24.888601,-2.1674,-1.0539,2.3262,3.35,4.118269468650511,1.8581038624269806,8.65839243498818,Uphill_data
24.9113,-0.4927,-2.3338,-2.1979,3.243,4.439605228650397,1.8168495854116822,8.687943262411352,Uphill_data
24.928523,0.8875,-3.5675,1.1748,3.859,4.726732051165695,1.820729206415963,8.717494089834517,Uphill_data
24.947897,-1.1055,-4.7687,4.6483,6.75,4.958812883500153,1.7300366740135502,8.747044917257682,Uphill_data
24.968527,-2.9397,-5.4559,3.0441,6.905,5.119872470144709,1.8239897428471903,8.776595744680854,Uphill_data
24.992433,-4.2057,-5.9283,-0.278,7.274,5.201511570058241,1.8007643606698798,8.80614657210402,Uphill_data
25.013474,-3.7504,-5.8174,1.067,7.003,5.204739204613533,1.7433305950733808,8.835697399527191,Uphill_data
25.03206,-2.7716,-5.5473,4.0235,7.392,5.140221621532467,1.7957974474464107,8.865248226950357,Uphill_data
25.048864,-1.5896,-2.7698,3.3774,4.648,5.026665151523063,1.7610999106876373,8.894799054373522,Uphill_data
25.072641,-0.1819,-1.1717,1.8617,2.207,4.887488187128542,1.7024466217198109,8.924349881796694,Uphill_data
25.091392,0.523,-1.511,1.1777,1.986,4.746519062189661,1.7770511022116455,8.953900709219859,Uphill_data
25.111209,0.9077,-2.7648,0.328,2.928,4.624000197781681,1.751330722242248,8.983451536643024,Uphill_data
25.129072,2.5008,-2.7708,-2.5869,4.541,4.534100732344865,1.7628928834981208,9.013002364066196,Uphill_data
25.151568,4.2285,-1.4085,-4.2624,6.167,4.48431012717777,1.705324962766628,9.042553191489361,Uphill_data
25.173962,4.02,-0.7892,-1.8246,4.485,4.47611961649,1.7390361551322833,9.072104018912533,Uphill_data
25.191847,2.3945,-0.601,2.3661,3.42,4.506024715560167,1.7336496065828093,9.101654846335698,Uphill_data
25.212492,0.2298,-1.6829,0.1672,1.707,4.566344949771358,1.7293060194296055,9.131205673758863,Uphill_data
25.232812,-1.4043,-1.5955,-6.5138,6.852,4.64616162034093,1.7371503396133292,9.160756501182036,Uphill_data
25.250638,-1.6132,1.5355,-3.3522,4.025,4.732916176233044,1.7638329556249757,9.1903073286052,Uphill_data
25.270111,-1.4402,2.3807,-4.3468,5.161,4.814680362332012,1.7155032712535074,9.219858156028373,Uphill_data
25.291455,-1.4358,3.0109,-6.3668,7.188,4.88260816213978,1.7028870913060365,9.249408983451538,Uphill_data
25.309985,-1.1147,4.3085,-5.5735,7.132,4.933041815347424,1.6909721234642867,9.278959810874703,Uphill_data
25.330986,-0.9065,3.6873,-4.5442,5.922,4.9687431078866435,1.7187259532164427,9.308510638297875,Uphill_data
25.351001,-0.0763,3.017,-4.1065,5.096,4.998734503283501,1.6917604295921929,9.33806146572104,Uphill_data
25.371363,0.3209,2.8441,-3.1834,4.281,5.036655482620876,1.6762443542276186,9.367612293144212,Uphill_data
25.392917,-0.1497,3.8996,-2.3748,4.568,5.098130309436223,1.6635069094213621,9.397163120567377,Uphill_data
25.411584,-1.0914,4.8018,-1.4782,5.141,5.197864734104577,1.6904388546757123,9.426713947990542,Uphill_data
25.43294,-1.628,4.0604,0.0709,4.375,5.346979501693259,1.6736486737150724,9.456264775413715,Uphill_data
25.45259,-0.655,2.746,1.4503,3.174,5.550808954023653,1.6707665539561052,9.48581560283688,Uphill_data
25.472185,1.8992,1.4103,3.4178,4.157,5.807394486624363,1.673016760049762,9.515366430260052,Uphill_data
25.49087,2.3871,-2.8316,4.4608,5.798,6.10708449482805,1.642520108625445,9.544917257683217,Uphill_data
25.511781,-2.3344,-7.5,3.7446,8.702,6.433512906957441,1.6729553908032115,9.574468085106382,Uphill_data
25.53314,-1.5505,-5.2189,3.6267,6.542,6.76561640757527,1.6377354052540511,9.604018912529554,Uphill_data
25.55289,3.5122,1.475,4.287,5.735,7.079885764276552,1.6393851725675013,9.63356973995272,Uphill_data
25.573349,3.5065,5.4322,2.2084,6.832,7.352356519808192,1.644186359469881,9.663120567375884,Uphill_data
25.592709,7.2225,-0.2808,0.265,7.233,7.560561369884886,1.6325596329072158,9.692671394799056,Uphill_data
25.613881,5.4646,-10.1251,4.4508,12.336,7.685830951002953,1.6285604955267892,9.722222222222221,Uphill_data
25.633732,-1.0809,-8.9408,-0.8306,9.044,7.715678889976814,1.634971835606458,9.751773049645394,Uphill_data
25.651023,-0.5347,2.9701,-5.8695,6.6,7.645333967564264,1.6094640425700804,9.781323877068559,Uphill_data
25.672691,6.4587,6.0654,-4.7953,10.075,7.477695675236937,1.6175438952305257,9.810874704491724,Uphill_data
25.693495,6.2815,1.7899,0.6702,6.566,7.221820381558684,1.600719430177367,9.840425531914896,Uphill_data
25.713355,-0.0559,-0.7889,1.0788,1.338,6.890522470745012,1.594264371439583,9.869976359338061,Uphill_data
25.731756,-5.4496,-0.52,-3.6574,6.584,6.497883608461606,1.6052029286371716,9.899527186761233,Uphill_data
25.754034,-5.079,-0.9779,-5.8252,7.79,6.057711374335326,1.597100164329859,9.929078014184398,Uphill_data
25.773979,-3.2506,-1.9116,-5.7836,6.904,5.583471421255004,1.5899367781608424,9.958628841607563,Uphill_data
25.792701,-2.6237,-0.1182,-4.6892,5.375,5.088988569942258,1.5980503596818438,9.988179669030735,Uphill_data
25.812743,-1.8467,1.8768,-3.527,4.401,4.5887800433006305,1.5738016337084983,10.0177304964539,Uphill_data
25.832872,-0.928,2.5408,-2.6705,3.801,4.097595828113815,1.5897554702922125,10.047281323877073,Uphill_data
25.854625,0.2352,1.2994,-1.9354,2.343,3.6294834763341526,1.5762715204370592,10.076832151300238,Uphill_data
25.872107,0.1304,-0.9567,-0.641,1.159,3.196916299024591,1.582389165018941,10.106382978723403,Uphill_data
25.894351,-1.5074,-1.5819,3.6085,4.218,2.8104871648445977,1.5682026291212272,10.135933806146575,Uphill_data
25.913625,-1.8366,0.2236,4.5553,4.917,2.4794027386336785,1.5649206559280218,10.16548463356974,Uphill_data
25.933433,-0.3987,1.7767,0.9254,2.043,2.2123953265380707,1.5580627675822687,10.195035460992912,Uphill_data
25.953584,0.9422,2.2266,-0.5416,2.478,2.018231017118459,1.5579873052636488,10.224586288416077,Uphill_data
25.972912,0.9221,1.7288,0.2555,1.976,1.905323712788866,1.5565212321252273,10.254137115839242,Uphill_data
25.992243,0.3238,1.4083,0.8719,1.688,1.88061177327821,1.550375053837837,10.283687943262414,Uphill_data
26.012435,-0.8461,0.475,-0.1201,0.978,1.9480933330123713,1.539260883299603,10.31323877068558,Uphill_data
26.032658,-0.8276,-0.0686,0.2454,0.866,2.107365088533859,1.5355313326824043,10.342789598108752,Uphill_data
26.053,0.0392,-0.0843,1.1408,1.145,2.3525306386247915,1.5426646364918184,10.372340425531917,Uphill_data
26.073524,1.1186,0.5215,2.2698,2.584,2.671856466106458,1.5246912101230776,10.401891252955082,Uphill_data
26.093352,1.003,0.3531,4.3613,4.489,3.0483381961128213,1.5360730328379149,10.431442080378254,Uphill_data
26.113692,-0.7597,-0.9765,2.1486,2.479,3.4609368179782547,1.5090517991616512,10.460992907801419,Uphill_data
26.133752,-2.1259,-2.0791,-1.9429,3.552,3.886018612415855,1.5252476268861581,10.490543735224584,Uphill_data
26.153558,-0.5499,-1.7774,-2.7995,3.361,4.2987739584253575,1.5181174462745612,10.520094562647756,Uphill_data
26.176141,0.2586,-3.2653,3.0315,4.463,4.6748036656268415,1.5081678855090392,10.549645390070921,Uphill_data
26.193612,-0.7825,-4.5335,5.9199,7.497,4.992110786248195,1.5096392332924127,10.579196217494093,Uphill_data
26.214312,-0.285,-4.2689,2.593,5.003,5.233354394293979,1.5040076140806466,10.608747044917259,Uphill_data
26.233814,-1.8464,-4.8011,0.3374,5.155,5.387871788675792,1.504953062221156,10.638297872340424,Uphill_data
26.254125,-5.3356,-5.682,1.6152,7.96,5.453091124771055,1.4928277080542585,10.667848699763596,Uphill_data
26.274393,-5.3725,-5.3979,4.0982,8.649,5.4352254653922385,1.494755864914938,10.69739952718676,Uphill_data
26.29682,-3.8488,-3.2071,4.1288,6.492,5.348944931982351,1.4873237046881427,10.726950354609933,Uphill_data
26.316228,-2.6667,-0.4637,2.5515,3.72,5.215449133197407,1.4894370886878883,10.756501182033098,Uphill_data
26.334368,-1.5834,-0.3169,0.8321,1.817,5.058879166532971,1.4906060040581366,10.786052009456263,Uphill_data
26.354556,-0.468,-1.9218,0.0422,1.978,4.902081296980889,1.4789372776333651,10.815602836879435,Uphill_data
26.374744,1.3943,-3.4807,-1.883,4.196,4.763281708172255,1.4711636732660065,10.8451536643026,Uphill_data
26.39463,3.3377,-2.6746,-4.8801,6.489,4.654697069636397,1.470497894150287,10.874704491725772,Uphill_data
26.414609,3.8902,-1.818,-3.7114,5.676,4.582902883526613,1.4684302558062157,10.904255319148938,Uphill_data
26.434355,3.8349,-0.5798,0.9141,3.985,4.549875035094826,1.4720951920321588,10.933806146572103,Uphill_data
26.454875,2.2661,-0.9074,0.735,2.549,4.553740990351097,1.4608743675383868,10.963356973995275,Uphill_data
26.475198,-0.3358,-0.6629,-5.3379,5.389,4.589162435748572,1.4596536027883245,10.99290780141844,Uphill_data
26.495334,-0.3678,1.9647,-2.3417,3.079,4.647896356050623,1.45808435415266,11.022458628841612,Uphill_data
26.515676,-0.9016,3.3121,-2.4437,4.214,4.719957512922895,1.455807781819497,11.052009456264777,Uphill_data
26.534961,-1.3443,2.8548,-5.49,6.332,4.795434518014387,1.4536334538105962,11.081560283687942,Uphill_data
26.554888,-2.2385,3.1547,-7.4876,8.428,4.86672869564678,1.4480100171685155,11.111111111111114,Uphill_data
26.575938,-1.0297,3.1207,-4.721,5.752,4.930565953371885,1.4417448982891776,11.14066193853428,Uphill_data
26.595897,-0.0673,2.6382,-4.4326,5.159,4.988855536894612,1.4364712614901183,11.170212765957451,Uphill_data
26.616002,0.5059,3.5247,-3.6186,5.077,5.047922172966908,1.4312582310656083,11.199763593380617,Uphill_data
26.635533,1.0609,4.1973,-2.2004,4.856,5.116459105567728,1.4299884388664463,11.229314420803782,Uphill_data
26.655962,0.9091,3.7906,-1.4112,4.146,5.202905805773334,1.4301603456292729,11.258865248226954,Uphill_data
26.676231,-0.175,3.1692,-0.9416,3.311,5.312835572538942,1.4244240954515002,11.288416075650119,Uphill_data
26.696902,-1.0993,2.6769,0.1127,2.896,5.446869539960941,1.4241625313316266,11.317966903073284,Uphill_data
26.716176,-1.9564,0.8065,3.6338,4.205,5.599718252498573,1.4227262881692864,11.347517730496456,Uphill_data
26.736033,-0.238,-1.5825,6.2712,6.472,5.7608546426836815,1.4146189253150279,11.377068557919621,Uphill_data
26.755936,2.0583,-4.2875,8.1654,9.449,5.916777751277331,1.413508693151343,11.406619385342793,Uphill_data
26.776113,-0.571,-7.033,5.4986,8.946,6.053978499750572,1.4141782147127104,11.436170212765958,Uphill_data
26.796472,-2.0286,-3.1675,1.2849,3.975,6.161208595504536,1.4073912931440495,11.465721040189123,Uphill_data
26.817064,1.6093,2.5397,-0.2074,3.014,6.230211249626284,1.4037678923594705,11.495271867612296,Uphill_data
26.836243,6.2405,4.7202,-1.0002,7.888,6.255453611643135,1.4037342061798415,11.52482269503546,Uphill_data
26.857328,6.2771,-0.4824,4.1053,7.516,6.234105552287407,1.3996522100805158,11.554373522458633,Uphill_data
26.877231,3.5422,-6.166,4.5779,8.457,6.1666777233749235,1.3953720575432538,11.583924349881798,Uphill_data
26.897313,3.9034,-4.7202,-3.4109,7.011,6.057531649998907,1.3958263052837236,11.613475177304963,Uphill_data
26.91717,3.7097,1.9137,-3.6789,5.564,5.914310558961844,1.3904027579261486,11.643026004728135,Uphill_data
26.93747,-0.5187,2.8677,-1.5259,3.29,5.746085880900816,1.3856745061576552,11.6725768321513,Uphill_data
26.957766,-2.0155,0.5533,0.2644,2.107,5.560883310083498,1.3821673875503233,11.702127659574472,Uphill_data
26.977675,-4.2855,-1.3808,-3.7666,5.87,5.363757253144132,1.377178624219894,11.731678486997637,Uphill_data
26.997166,-4.1852,-2.1031,-5.0924,6.919,5.156339280073078,1.379806178170503,11.761229314420802,Uphill_data
27.017831,-1.8177,-1.8797,-4.6726,5.354,4.937783354203224,1.3733053933182553,11.790780141843975,Uphill_data
27.037515,0.098,0.7905,-2.972,3.077,4.706176155464346,1.3754667687374837,11.82033096926714,Uphill_data
27.05772,1.8304,4.0323,-2.0339,4.873,4.459686159698204,1.3699873974260495,11.849881796690312,Uphill_data
27.082628,3.0809,5.0395,-2.2501,6.321,4.197483605118674,1.3652590306403285,11.879432624113477,Uphill_data
27.098643,1.7195,2.6344,-1.6045,3.531,3.9206084730460673,1.3625831584514807,11.908983451536642,Uphill_data
27.117391,-1.5781,-0.8028,-0.4738,1.833,3.6325889833842755,1.3604898098460914,11.938534278959814,Uphill_data
27.138425,-3.6062,-2.2774,-0.1991,4.27,3.339687540355703,1.355715148350445,11.96808510638298,Uphill_data
27.159668,-4.1122,-2.3288,0.0931,4.727,3.051064981045536,1.3528487432968463,11.997635933806151,Uphill_data
27.178597,-2.4299,0.5041,1.6144,2.961,2.77901569115362,1.352943088111842,12.027186761229316,Uphill_data
27.199327,-0.3441,3.245,1.8042,3.729,2.5389056371462586,1.3497931910941403,12.056737588652481,Uphill_data
27.218516,1.3459,2.6996,1.5688,3.4,2.348365164470285,1.3468861112881556,12.086288416075654,Uphill_data
27.239103,1.6493,0.964,0.6357,2.013,2.225589728580925,1.344386964459272,12.115839243498819,Uphill_data
27.258354,0.3166,0.2897,-0.425,0.604,2.1868444738817874,1.3407388731521275,12.145390070921984,Uphill_data
27.279146,-0.4447,0.0291,0.508,0.676,2.243536296906356,1.3371211998943262,12.174940898345156,Uphill_data
27.29843,-0.4313,-0.3965,1.1513,1.292,2.3995291755736434,1.3372535731907085,12.204491725768321,Uphill_data
27.319433,-0.0654,-0.5265,1.2664,1.373,2.6493874128357224,1.3344345627108416,12.234042553191493,Uphill_data
27.338424,0.5016,0.2739,1.9121,1.996,2.9778907741892002,1.331823766441664,12.263593380614658,Uphill_data
27.3598,0.4564,-0.1431,2.5728,2.617,3.3608307353224816,1.3274612683920919,12.293144208037823,Uphill_data
27.3784,0.0275,-2.0382,0.5784,2.119,3.7669743977251957,1.3256537681365799,12.322695035460995,Uphill_data
27.399261,0.73,-3.6919,0.2702,3.773,4.161108643826004,1.3224169945730495,12.35224586288416,Uphill_data
27.418775,0.8354,-5.5636,3.6163,6.688,4.508082592698854,1.3206256451343652,12.381796690307333,Uphill_data
27.4397,-0.0985,-6.6383,4.4973,8.019,4.777493896946079,1.3174853783627567,12.411347517730498,Uphill_data
27.459159,-2.241,-5.9212,1.3924,6.482,4.948126329324407,1.3157384368841525,12.440898345153663,Uphill_data
27.480067,-4.7375,-4.9408,0.7081,6.882,5.011016474363663,1.3114917069575258,12.470449172576835,Uphill_data
27.500256,-4.2175,-4.7959,3.2964,7.187,4.970468181748288,1.3102747801934653,12.5,Uphill_data
27.520776,-4.0631,-2.3016,3.2468,5.688,4.842948516727866,1.3082529777785927,12.529550827423172,Uphill_data
27.540901,-2.7287,-1.9674,2.4037,4.135,4.6540916518950555,1.3054547422805616,12.559101654846337,Uphill_data
27.560323,-0.2664,-2.365,0.3815,2.41,4.4342444837918285,1.3019167555319382,12.588652482269502,Uphill_data
27.580607,-0.3172,-0.5511,-0.8712,1.079,4.21338329058792,1.3003024609095666,12.618203309692674,Uphill_data
27.604592,-0.0602,-0.4765,-1.639,1.708,4.016567345097863,1.2965663838334236,12.64775413711584,Uphill_data
27.61956,2.6364,-0.0267,-3.3864,4.292,3.860993563940209,1.2950991918793369,12.677304964539012,Uphill_data
27.639692,3.6363,0.6802,-2.2779,4.344,3.755052430438119,1.292617356952412,12.706855791962177,Uphill_data
27.66054,3.0115,-0.4721,-0.1702,3.053,3.69890725774107,1.2915839276595327,12.736406619385342,Uphill_data
27.680779,0.6681,-2.5138,-0.2597,2.614,3.685751495417205,1.2887575071610418,12.765957446808514,Uphill_data
27.702348,-1.7843,-1.6428,-1.1217,2.672,3.703316911632911,1.285875742786635,12.795508274231679,Uphill_data
27.721133,-1.6945,1.5486,-1.3044,2.64,3.7358106277809426,1.2846349493533722,12.825059101654844,Uphill_data
27.740106,-1.9199,2.9758,-5.0079,6.134,3.766591513750853,1.281030682021811,12.854609929078016,Uphill_data
27.763695,-2.3283,3.593,-4.7021,6.359,3.781472412227457,1.2783112529787293,12.884160756501181,Uphill_data
27.781441,-0.9591,2.4642,-4.2936,5.042,3.7718994837483857,1.2777623311558453,12.913711583924353,Uphill_data
27.802952,-0.7817,1.7431,-4.9501,5.306,3.737002783882391,1.2736816255887837,12.943262411347519,Uphill_data
27.821768,-0.9257,1.8042,-3.5137,4.057,3.6839372987420074,1.2720321364375253,12.972813238770684,Uphill_data
27.84554,0.0467,1.9694,-2.5974,3.26,3.62660463683271,1.270828014830738,13.002364066193856,Uphill_data
27.861417,0.3018,2.2238,-2.1459,3.105,3.583251032735714,1.2665859268429913,13.03191489361702,Uphill_data
27.88365,-0.2102,2.386,-1.5529,2.855,3.573558502907902,1.264254878140076,13.061465721040193,Uphill_data
27.901884,-0.6373,2.2194,-1.2446,2.623,3.615791726076282,1.263010599726279,13.091016548463358,Uphill_data
27.924756,-0.5768,2.4373,-0.136,2.508,3.7244060082494124,1.260969975399974,13.120567375886523,Uphill_data
27.941923,0.4514,2.743,1.617,3.216,3.908385421521406,1.259085734790828,13.150118203309695,Uphill_data
27.966589,1.285,1.9943,4.1869,4.812,4.170459111225455,1.2557941647538007,13.17966903073286,Uphill_data
27.981363,0.6148,-0.2765,5.4254,5.467,4.5071003767690145,1.2528663301870695,13.209219858156033,Uphill_data
28.00415,-1.7848,-1.8568,4.932,5.564,4.908884594095326,1.2509439377808427,13.238770685579198,Uphill_data
28.021714,-2.1038,-1.3843,4.1197,4.828,5.3606584888278865,1.249314861820848,13.268321513002363,Uphill_data
28.046658,0.1298,0.3506,2.4029,2.432,5.84128836423609,1.2490837514893136,13.297872340425535,Uphill_data
28.061775,2.8966,1.1955,0.5709,3.185,6.323422952948179,1.2457758348373376,13.3274231678487,Uphill_data
28.084336,3.7331,-4.2213,3.3474,6.554,6.774276298166177,1.244599587582716,13.356973995271872,Uphill_data
28.102112,1.42,-8.6623,5.6786,10.455,7.158247921690772,1.24009600198289,13.386524822695037,Uphill_data
28.126695,2.9636,-4.0628,-0.7544,5.085,7.441158359344179,1.2388903979314485,13.416075650118202,Uphill_data
28.141974,8.515,5.0585,-9.1753,13.501,7.594978010801149,1.2369054057430824,13.445626477541374,Uphill_data
28.167421,8.6671,4.4104,-3.5609,10.356,7.601873414594841,1.2347082671926868,13.47517730496454,Uphill_data
28.182325,-1.8033,-2.4348,4.6825,5.577,7.456657492844355,1.2329623058569765,13.504728132387712,Uphill_data
28.20688,-6.6912,-3.1891,-4.6705,8.761,7.167124992117043,1.2302239285241159,13.534278959810877,Uphill_data
28.222095,-4.3398,-2.2126,-6.7753,8.345,6.752559995666548,1.2277442289801899,13.563829787234042,Uphill_data
28.246862,-2.1286,-2.5374,-3.9149,5.128,6.241151852533665,1.2266677426627068,13.593380614657214,Uphill_data
28.26268,-1.5195,0.7281,-4.1419,4.471,5.666746111106854,1.2247121146905624,13.622931442080379,Uphill_data
28.288228,0.3727,2.6087,-4.2033,4.961,5.06522831319691,1.2216268552152858,13.652482269503544,Uphill_data
28.302579,1.7853,2.3544,-2.097,3.623,4.471067266851225,1.2211455589071534,13.682033096926716,Uphill_data
28.327888,1.3516,2.0256,-0.2203,2.445,3.9144516395053266,1.2181655600538879,13.711583924349881,Uphill_data
28.349325,-0.602,1.8801,0.8185,2.137,3.4191831340287235,1.2162605652256193,13.741134751773053,Uphill_data
28.365437,-1.4042,0.7676,-0.8251,1.801,3.001481277073702,1.2143578434549462,13.770685579196218,Uphill_data
28.385627,-1.9472,-0.0195,-0.157,1.954,2.6699103266886803,1.212984885292034,13.800236406619383,Uphill_data
28.407826,-3.5368,-0.056,1.3777,3.796,2.4264713718916493,1.2100720593880603,13.829787234042556,Uphill_data
28.426379,-2.6123,1.4904,0.7748,3.106,2.268556214680922,1.2084640070569241,13.85933806146572,Uphill_data
28.445948,-0.4201,2.3504,0.9422,2.567,2.1911466396944532,1.2071016973323259,13.888888888888893,Uphill_data
28.46496,1.5079,1.8272,2.0484,3.132,2.1886359698410716,1.2046220376002876,13.918439716312058,Uphill_data
28.485031,2.3694,1.0419,2.5887,3.661,2.255948157490987,1.2029933575669314,13.947990543735223,Uphill_data
28.506384,1.3282,0.121,2.2682,2.631,2.3888612100814366,1.2005690366578043,13.977541371158395,Uphill_data
28.528945,-1.3635,-0.199,2.0352,2.458,2.583489178350021,1.1991924451294769,14.00709219858156,Uphill_data
28.54666,-2.2548,-0.4654,0.6892,2.403,2.8350097075219898,1.1974835280837903,14.036643026004732,Uphill_data
28.569688,-0.661,-0.004,-0.0592,0.664,3.135996806364456,1.1952772635464683,14.066193853427897,Uphill_data
28.595497,-0.0603,-0.2834,2.0039,2.025,3.4749472502323933,1.19384624884509,14.095744680851062,Uphill_data
28.606732,-0.6192,-1.8729,3.5991,4.104,3.8356464251080644,1.1913893227788837,14.125295508274235,Uphill_data
28.627356,-1.2348,-3.2241,-0.066,3.453,4.197754670205424,1.1894295271937674,14.1548463356974,Uphill_data
28.649244,0.2995,-3.6467,-0.0426,3.659,4.538500529397289,1.1876767980743084,14.184397163120572,Uphill_data
28.666417,1.5253,-3.9895,3.709,5.657,4.835120252585829,1.1858800368724636,14.213947990543737,Uphill_data
28.689361,0.0451,-4.5713,4.6551,6.524,5.067752670299986,1.1843947499616543,14.243498817966902,Uphill_data
28.712389,-2.8912,-5.4565,2.2535,6.574,5.222431688135115,1.1820966244281708,14.273049645390074,Uphill_data
28.730583,-4.785,-6.164,1.1647,7.89,5.293580027737189,1.180649262364677,14.30260047281324,Uphill_data
28.747103,-4.2747,-5.5251,2.7868,7.521,5.2853423874953105,1.1787673703151607,14.332151300236411,Uphill_data
28.769502,-4.1049,-4.1221,2.4986,6.331,5.211238852979622,1.1768422955374702,14.361702127659576,Uphill_data
28.786983,-2.082,-1.9282,1.6974,3.307,5.091920346723927,1.1754168131542868,14.391252955082741,Uphill_data
28.809815,0.3939,-1.2054,0.962,1.592,4.951409359927893,1.1735950187649826,14.420803782505914,Uphill_data
28.826288,1.4651,-2.9204,-1.5691,3.625,4.812950104831995,1.1717268267862944,14.450354609929079,Uphill_data
28.847732,2.347,-2.6926,-4.6017,5.825,4.695794487493459,1.170295811084813,14.479905437352244,Uphill_data
28.867416,3.3454,-0.3965,-2.0244,3.93,4.613515154536471,1.1682827180650595,14.509456264775416,Uphill_data
28.890236,3.0126,-0.0837,2.2661,3.771,4.573450488535462,1.1666413674128597,14.539007092198581,Uphill_data
28.906196,2.25,-0.4247,2.3095,3.252,4.576679521398673,1.1652082090048306,14.568557919621753,Uphill_data
28.930623,0.9373,-1.0881,-1.8213,2.319,4.618462595218172,1.1631280122694956,14.598108747044918,Uphill_data
28.949535,-1.4071,-0.3573,-7.5215,7.66,4.689493601424019,1.1614045127459178,14.627659574468083,Uphill_data
28.973821,-1.4465,1.9009,-3.175,3.973,4.778083224902797,1.1599813258366583,14.657210401891255,Uphill_data
28.985822,-0.9017,2.2582,-5.3954,5.918,4.872825012422614,1.158112329425903,14.68676122931442,Uphill_data
29.006201,-1.5887,2.3081,-7.3428,7.859,4.965052173917712,1.1564586669981471,14.716312056737593,Uphill_data
29.027359,-1.6789,2.9452,-4.1379,5.349,5.050557579301098,1.1548799201857216,14.745862884160758,Uphill_data
29.050181,-1.0171,2.7066,-4.2447,5.136,5.130215729078123,1.1529966058116432,14.775413711583923,Uphill_data
29.066943,-0.0267,2.5705,-4.5251,5.204,5.209401783570209,1.1518067432994263,14.804964539007095,Uphill_data
29.086347,0.9727,3.2846,-3.7492,5.078,5.296547410271331,1.1500042832839203,14.83451536643026,Uphill_data
29.107149,1.1664,4.3315,-3.0194,5.407,5.401355422091575,1.148188822019816,14.864066193853432,Uphill_data
29.128861,0.4666,4.6015,-2.7578,5.385,5.532994351571862,1.1464639951887545,14.893617021276597,Uphill_data
29.146512,-0.1742,3.9447,-2.2064,4.523,5.698389281111001,1.1447270402102587,14.923167848699762,Uphill_data
29.168992,-0.5759,2.7709,0.9408,2.982,5.900755510151192,1.1433584065987334,14.952718676122934,Uphill_data
29.186315,-0.5835,0.2566,6.2914,6.324,6.13875024894294,1.1416838321105762,14.9822695035461,Uphill_data
29.210081,1.8178,-2.2402,8.5897,9.061,6.406665056983018,1.140311333670091,15.011820330969272,Uphill_data
29.226602,-0.8218,-4.9514,8.7724,10.107,6.695482918159347,1.1388853774797882,15.041371158392437,Uphill_data
29.250223,-1.6513,-3.8542,4.4154,6.089,6.993744261127376,1.1371122296949243,15.070921985815602,Uphill_data
29.267067,0.7261,0.6855,0.8893,1.337,7.287197897405542,1.1355126762027148,15.100472813238774,Uphill_data
29.296341,4.3805,1.6023,-2.6793,5.379,7.557587083249891,1.1339885994675285,15.130023640661939,Uphill_data
29.307137,5.6926,-3.533,1.6917,6.91,7.782288152135424,1.1326608706067858,15.159574468085111,Uphill_data
29.329602,2.6343,-9.0005,8.1406,12.418,7.936204704702114,1.1310984961277648,15.189125295508276,Uphill_data
29.34718,0.6775,-6.8597,-1.8661,7.141,7.995585964241433,1.129447071843564,15.218676122931441,Uphill_data
29.368517,6.1416,5.9617,-8.067,11.762,7.942173661008065,1.127884441508889,15.248226950354614,Uphill_data
29.389396,5.5884,5.2992,-6.1257,9.84,7.766248565040795,1.1265192446001044,15.277777777777779,Uphill_data
29.408747,1.7914,-0.5041,3.9383,4.356,7.467950794638149,1.1249075073332093,15.307328605200944,Uphill_data
29.429373,-5.2771,-3.2502,-1.8232,6.46,7.056998880029768,1.123475782359265,15.336879432624116,Uphill_data
29.448961,-7.3164,-2.1935,-8.4503,11.391,6.551576822226974,1.1219054933005124,15.36643026004728,Uphill_data
29.470138,-2.3879,-1.207,-6.5834,7.106,5.977029474510386,1.1204109787916063,15.395981087470453,Uphill_data
29.491398,-0.114,0.3777,-2.1478,2.184,5.364023907610744,1.1190407886011122,15.425531914893618,Uphill_data
29.507566,0.7469,3.2008,-1.8826,3.788,4.745635230905546,1.1177127609162325,15.455082742316783,Uphill_data
29.528368,0.711,3.7521,-1.9166,4.273,4.153877535583965,1.1161721992446278,15.484633569739955,Uphill_data
29.552932,-0.4342,2.0801,0.5765,2.202,3.6167603721128456,1.1146555236569273,15.51418439716312,Uphill_data
29.572091,-1.5358,1.1174,-0.3503,1.931,3.1563423870011937,1.1133231205570453,15.543735224586293,Uphill_data
29.591081,-1.6267,0.3391,0.6285,1.777,2.787724508280009,1.1117510897261822,15.573286052009458,Uphill_data
29.612679,-2.501,-1.5538,0.3042,2.96,2.5189814204954093,1.1104471191154002,15.602836879432623,Uphill_data
29.632647,-2.2267,-0.1419,0.209,2.241,2.352018057169383,1.1088397287217022,15.632387706855795,Uphill_data
29.651403,0.046,2.184,2.3238,3.189,2.2840592733601417,1.1074712776665445,15.66193853427896,Uphill_data
29.676147,1.1594,2.5162,3.1592,4.202,2.309288700515089,1.106125487669739,15.691489361702132,Uphill_data
29.701256,1.2398,2.1202,-0.0898,2.458,2.420139147166459,1.1047367926487466,15.721040189125297,Uphill_data
29.711064,0.4231,1.172,-2.4915,2.786,2.607843184878403,1.1034632029613614,15.750591016548462,Uphill_data
29.732313,0.2182,0.3545,-1.406,1.466,2.8621716347421526,1.1021037550655493,15.780141843971634,Uphill_data
29.752305,0.9961,-0.2811,0.9235,1.387,3.170746174827332,1.1007045491305791,15.8096926713948,Uphill_data
29.769075,0.8608,-1.302,3.5174,3.848,3.5185875297537796,1.0994042393583503,15.839243498817972,Uphill_data
29.79215,-0.0672,-0.7417,5.8065,5.854,3.888388957928744,1.0979079785435333,15.868794326241137,Uphill_data
29.818667,-1.2822,-0.6948,3.1567,3.477,4.26141424129999,1.0965266150695994,15.898345153664302,Uphill_data
29.831345,-1.775,-2.3689,-1.4473,3.295,4.618473226092023,1.0952888767442146,15.927895981087474,Uphill_data
29.850884,-1.0508,-3.5763,-0.2293,3.734,4.940719912111613,1.093975684857912,15.957446808510639,Uphill_data
29.872246,-0.4254,-4.213,3.554,5.528,5.210652390511962,1.0926477351816146,15.986997635933811,Uphill_data
29.88972,-1.1614,-5.0497,4.5936,6.925,5.413756824308345,1.0913360696403152,16.016548463356976,Uphill_data
29.912759,-2.601,-6.0677,2.3431,7.005,5.5406476706714,1.090010884528764,16.04609929078014,Uphill_data
29.932446,-4.0361,-5.0305,1.358,6.591,5.589018822852194,1.0886905185821631,16.075650118203313,Uphill_data
29.952759,-5.1832,-5.3963,3.5187,8.268,5.564693337466412,1.0874339230054506,16.10520094562648,Uphill_data
29.972057,-4.6544,-4.1921,3.3001,7.08,5.481323429064715,1.0860411518988065,16.134751773049643,Uphill_data
29.992014,-2.6197,-1.5914,2.484,3.945,5.358509993222631,1.0848489429750119,16.164302600472816,Uphill_data
30.01281,-0.7977,-0.6489,1.641,1.937,5.218475951267215,1.0835335461553661,16.19385342789598,Uphill_data
30.032533,0.504,-1.4908,-0.0604,1.575,5.082177598684473,1.0823518483332477,16.223404255319153,Uphill_data
30.050546,2.3172,-2.6201,-4.6303,5.803,4.966307817243683,1.081047512038722,16.252955082742318,Uphill_data
30.07324,3.7855,-3.0739,-5.0208,6.999,4.882193738665327,1.0798124627290122,16.282505910165483,Uphill_data
30.092587,4.55,-1.6242,-1.2714,4.996,4.83628623433914,1.078537858436944,16.312056737588655,Uphill_data
30.111873,4.0222,-0.4892,1.8344,4.448,4.83103851443357,1.0772570128620045,16.34160756501182,Uphill_data
30.130909,1.4746,-1.7515,-0.6567,2.382,4.865339936001375,1.0760307769736421,16.371158392434992,Uphill_data
30.153691,-1.1548,-2.066,-5.632,6.109,4.934681635950195,1.0748299768283631,16.400709219858157,Uphill_data
30.170851,-1.0663,0.7307,-2.1781,2.533,5.031707825445435,1.0735642486682582,16.430260047281322,Uphill_data
30.193285,-1.4776,2.6621,-4.0353,5.055,5.147553347955295,1.0723902521541089,16.459810874704495,Uphill_data
30.214775,-2.6347,2.9451,-7.7783,8.724,5.273978248947526,1.0712118351074358,16.48936170212766,Uphill_data
30.231407,-2.527,3.4302,-6.0072,7.365,5.405918649699188,1.0700208924053292,16.518912529550832,Uphill_data
30.250881,-1.371,3.8842,-5.2218,6.651,5.543566514156373,1.0687832659282777,16.548463356973997,Uphill_data
30.273258,0.1822,4.0722,-4.9912,6.444,5.6930195730995585,1.067650360317891,16.578014184397162,Uphill_data
30.293687,0.7212,4.6209,-3.9304,6.109,5.865206787960752,1.0664241572968465,16.607565011820334,Uphill_data
30.31162,0.4142,5.1878,-2.4587,5.756,6.073479060424789,1.0652374356090697,16.6371158392435,Uphill_data
30.332711,-0.3747,4.6721,-1.7682,5.01,6.330453777025468,1.0640392794166587,16.66666666666667,Uphill_data
30.351741,-0.713,4.2814,-1.21,4.506,6.644702745416245,1.0629092638352136,16.696217494089836,Uphill_data
30.372037,-0.4762,3.9425,1.5232,4.253,7.017952916221072,1.061756841428929,16.725768321513,Uphill_data
30.39272,0.807,2.3118,4.7511,5.345,7.44354567332605,1.0606121644781346,16.755319148936174,Uphill_data
30.412277,3.5725,-1.0291,6.6764,7.642,7.906767919033211,1.059484274870105,16.78486997635934,Uphill_data
30.435809,-0.0067,-11.529,9.1091,14.693,8.387115074373824,1.0583281209045368,16.814420803782504,Uphill_data
30.460654,-2.8857,-12.5419,2.4393,13.099,8.86149329889381,1.0572113959326221,16.843971631205676,Uphill_data
30.472128,0.2025,1.6387,1.0231,1.942,9.306519584363171,1.0560908747279483,16.87352245862884,Uphill_data
30.49261,3.8896,7.8916,-0.7681,8.832,9.698843871308123,1.0549603795723443,16.903073286052013,Uphill_data
30.51328,8.0438,1.1029,0.6636,8.146,10.014553774092384,1.0538608760656296,16.93262411347518,Uphill_data
30.534205,3.6048,-8.0775,8.2896,12.123,10.229660305414361,1.0527707958505241,16.962174940898343,Uphill_data
30.553335,-4.3481,-11.6854,3.4567,12.938,10.322322067111385,1.0516393515197915,16.991725768321515,Uphill_data
30.572821,-0.9256,2.1633,-7.3586,7.726,10.275839471883115,1.0505489343790735,17.02127659574468,Uphill_data
30.592341,7.72,10.2769,-7.802,15.036,10.081235940416276,1.049478385457755,17.050827423167853,Uphill_data
30.612838,9.0701,4.9281,1.488,10.429,9.738879198909073,1.0483903303048556,17.080378250591018,Uphill_data
30.633586,-2.0151,-3.3792,4.0487,5.645,9.258956850941855,1.0472966204055256,17.109929078014183,Uphill_data
30.653019,-9.8233,-4.7332,-6.2934,12.59,8.660830625167826,1.0462111529389038,17.139479905437355,Uphill_data
30.672991,-5.6282,-3.7174,-8.2968,10.693,7.971640348078357,1.0451456400272234,17.16903073286052,Uphill_data
30.699627,-0.5389,-2.4493,-4.3841,5.051,7.22430261712857,1.0441118958716984,17.198581560283692,Uphill_data
30.724465,0.3722,1.7691,-4.0396,4.426,6.454574596390161,1.0430472735149154,17.228132387706857,Uphill_data
30.73302,1.099,4.2788,-1.8036,4.772,5.6973809996033005,1.0419823747291208,17.257683215130022,Uphill_data
30.752915,1.997,4.2905,-0.493,4.758,4.983439287696461,1.0409793236798381,17.287234042553195,Uphill_data
30.773824,1.0837,2.3088,-1.1251,2.788,4.336985095557044,1.0399058896355151,17.31678486997636,Uphill_data
30.79333,-0.5709,0.3387,-1.0968,1.282,3.774672506267652,1.0388722746693773,17.34633569739953,Uphill_data
30.813637,-2.7163,-2.0259,-0.3826,3.41,3.3055923078877902,1.037876297010564,17.375886524822697,Uphill_data
30.833565,-3.9998,-2.294,1.125,4.746,2.932504080390687,1.0368262500270773,17.405437352245862,Uphill_data
30.854067,-3.0142,0.4922,1.8187,3.555,2.6540473086346554,1.0358294323131196,17.434988179669034,Uphill_data
30.873954,-1.5506,2.5522,2.0959,3.648,2.467126651714898,1.0348312363261283,17.4645390070922,Uphill_data
30.894058,0.0912,3.1825,2.2969,3.926,2.368610707076666,1.0338207149778122,17.49408983451537,Uphill_data
30.913812,1.0934,1.6178,-0.3082,1.977,2.355925213819589,1.0328244152517299,17.523640661938536,Uphill_data
30.938434,0.6782,-0.2799,-2.5783,2.681,2.4265497705977856,1.0318222764173677,17.5531914893617,Uphill_data
30.954173,0.2755,0.1764,-0.903,0.96,2.576720414370042,1.0308663408677887,17.582742316784874,Uphill_data
30.974857,-0.0844,1.1816,1.5137,1.922,2.7998637232995693,1.0298982289830998,17.61229314420804,Uphill_data
30.994239,-0.0742,0.1293,2.3245,2.329,3.085352072327947,1.0289070709670969,17.641843971631204,Uphill_data
31.014472,0.1969,-0.5298,2.7353,2.793,3.418009753344323,1.027921162022497,17.671394799054376,Uphill_data
31.035004,0.0929,-1.6033,3.1364,3.524,3.7785032776232916,1.0269850858755174,17.70094562647754,Uphill_data
31.054877,-0.6333,-2.3489,3.602,4.347,4.144496365758967,1.0259927883634044,17.730496453900713,Uphill_data
31.074896,-1.9639,-2.1676,1.6839,3.375,4.492348757279468,1.025063355833117,17.760047281323878,Uphill_data
31.094574,-2.8336,-3.3333,-0.1732,4.378,4.799193396226264,1.0241142173694744,17.789598108747043,Uphill_data
31.114932,-2.0549,-6.0622,2.3159,6.807,5.045357748163293,1.0231625587263689,17.819148936170215,Uphill_data
31.135165,-2.655,-6.5197,3.2238,7.743,5.217016912738733,1.0222299971453126,17.84869976359338,Uphill_data
31.155202,-3.867,-4.9317,2.7871,6.859,5.3085482619255,1.0213057817144966,17.878250591016553,Uphill_data
31.178514,-4.0378,-5.7127,3.5804,7.859,5.323747251581516,1.020361600790067,17.907801418439718,Uphill_data
31.202925,-3.3445,-3.1023,2.8863,5.398,5.275276912659467,1.0194468472098372,17.937352245862883,Uphill_data
31.214965,-2.394,-1.1382,1.7212,3.161,5.1822894486739495,1.018527524001559,17.966903073286055,Uphill_data
31.235012,-0.8895,-2.5269,0.1934,2.686,5.0668131752809655,1.0176167582200457,17.99645390070922,Uphill_data
31.255131,0.2613,-4.4503,-0.5933,4.497,4.95002493636331,1.0167176861066485,18.026004728132392,Uphill_data
31.274921,2.2928,-3.5267,-2.2531,4.772,4.849474908621898,1.015806803366137,18.055555555555557,Uphill_data
31.295139,3.3259,-1.8112,-2.5652,4.574,4.777607885251472,1.014922163427345,18.085106382978722,Uphill_data
31.315378,3.5117,-0.4275,-1.5326,3.855,4.741232479339982,1.0140265334522571,18.114657210401894,Uphill_data
31.336464,4.3215,-0.566,-1.7976,4.715,4.7415120434111016,1.0131532747818413,18.14420803782506,Uphill_data
31.355789,3.0419,-0.7025,-3.7344,4.867,4.7743296113399785,1.0122780090260555,18.17375886524823,Uphill_data
31.375804,-1.4342,-0.8654,-2.3159,2.858,4.83102399259153,1.0113906603096023,18.203309692671397,Uphill_data
31.396425,-3.1384,-0.184,0.237,3.153,4.899557103409057,1.0105218914979208,18.23286052009456,Uphill_data
31.416799,-2.2451,0.9349,-4.9781,5.54,4.966369041090198,1.0096511036164582,18.262411347517734,Uphill_data
31.436639,-2.1557,2.6554,-7.6848,8.412,5.019156321303352,1.0087910550458967,18.2919621749409,Uphill_data
31.456679,-2.3327,3.7831,-5.6014,7.15,5.050170040918483,1.0079563002937255,18.32151300236407,Uphill_data
31.476843,-1.2403,3.8821,-4.9006,6.374,5.058908872233587,1.0071049662511895,18.351063829787236,Uphill_data
31.501551,0.3072,3.5178,-4.836,5.988,5.053165064039182,1.0062647463124543,18.3806146572104,Uphill_data
31.516657,1.5195,3.7172,-3.9859,5.658,5.048167747880512,1.005414242624816,18.410165484633573,Uphill_data
31.537354,1.3929,3.3827,-3.5372,5.089,5.064203890753811,1.0045800365103004,18.43971631205674,Uphill_data
31.557307,0.4748,3.5935,-2.2961,4.291,5.123246634614197,1.003757338762336,18.469267139479904,Uphill_data
31.577195,-0.3218,3.7389,-1.3706,3.995,5.245104718453854,1.002925304753656,18.498817966903076,Uphill_data
31.597455,-0.6883,3.6122,-0.9726,3.804,5.443651722409563,1.0021031440448733,18.52836879432624,Uphill_data
31.618043,-0.5779,2.6561,0.3657,2.743,5.72373805130699,1.0012959775488843,18.557919621749413,Uphill_data
31.637333,-0.1404,1.7384,2.3213,2.903,6.079403421913564,1.0004804640233225,18.587470449172578,Uphill_data
31.657618,2.3757,1.1685,4.5207,5.239,6.494007958912681,0.9996769296488381,18.617021276595743,Uphill_data
31.6776,3.4018,-4.2392,8.4258,10.027,6.942646501391414,0.9988831953927295,18.646572104018915,Uphill_data
31.697778,-1.2293,-12.0075,5.5851,13.3,7.39635846095928,0.9980752510600274,18.67612293144208,Uphill_data
31.719521,-1.848,-7.0593,0.889,7.351,7.826512252933703,0.9972813233853661,18.705673758865252,Uphill_data
31.738479,0.8033,4.4675,1.4112,4.753,8.207562656803754,0.9965058485993593,18.735224586288417,Uphill_data
31.760724,2.2673,9.3967,0.0797,9.667,8.517804590883216,0.9957164151029003,18.764775413711583,Uphill_data
31.780766,4.9736,4.9929,-1.7305,7.257,8.739339319832158,0.9949439222230666,18.794326241134755,Uphill_data
31.806034,4.756,-5.6205,3.8261,8.297,8.85851322489892,0.9941728981096485,18.82387706855792,Uphill_data
31.832726,1.3172,-13.6443,6.3925,15.125,8.867069004428103,0.9934032684268262,18.853427895981092,Uphill_data
31.84047,1.5569,-6.0568,1.3644,6.401,8.763404997544097,0.992649973063384,18.882978723404257,Uphill_data
31.859312,3.9768,7.012,-6.0932,10.105,8.553025915497775,0.9918896965629099,18.912529550827422,Uphill_data
31.880725,4.3619,6.8801,-4.8841,9.498,8.247665689998888,0.9911359949436183,18.942080378250594,Uphill_data
31.900817,2.4431,2.6573,2.6651,4.487,7.86331832151072,0.9903850936854018,18.97163120567376,Uphill_data
31.921176,-3.7601,-1.5348,-1.1085,4.21,7.417828630482205,0.9896351279662364,19.00118203309693,Uphill_data
31.940853,-6.4452,-2.6197,-5.9478,9.153,6.928913935594684,0.9889018616685679,19.030732860520096,Uphill_data
31.961534,-3.1283,-3.7663,-6.5293,8.161,6.413367277918547,0.9881721613497175,19.06028368794326,Uphill_data
31.9792,-1.9424,-3.0321,-4.8682,6.055,5.8872351612603655,0.9874375336933067,19.089834515366434,Uphill_data
31.999369,-0.0256,2.2312,-1.8119,2.874,5.365962365312586,0.986711852242183,19.1193853427896,Uphill_data
32.018498,2.1094,5.5305,-0.0946,5.92,4.863995115971068,0.9859876398621928,19.14893617021277,Uphill_data
32.039299,2.6388,4.3373,-0.5054,5.102,4.39423632666758,0.9852747624087795,19.178486997635936,Uphill_data
32.059488,0.5211,1.0955,-1.6066,2.013,3.967761010526896,0.9845592317074269,19.2080378250591,Uphill_data
32.080543,-2.6616,-1.2422,-0.7288,3.026,3.59377140455768,0.9838507492616598,19.237588652482273,Uphill_data
32.100626,-4.8997,-2.3855,0.5249,5.475,3.2797939607087554,0.9831504380489304,19.26713947990544,Uphill_data
32.119339,-3.8532,-0.3601,0.9184,3.977,3.0321768288147135,0.9824488832666439,19.296690307328603,Uphill_data
32.140948,-1.8829,1.3287,0.4686,2.352,2.8565444292855475,0.9817582043513434,19.326241134751776,Uphill_data
32.160745,-0.0294,0.9107,1.815,2.031,2.7577029040293723,0.981068983033545,19.35579196217494,Uphill_data
32.179357,2.412,0.8969,1.972,3.242,2.738992457045216,0.9803823820443227,19.385342789598113,Uphill_data
32.200044,3.0486,2.1847,-0.1179,3.752,2.801485734049485,0.9797016312190903,19.414893617021278,Uphill_data
32.219909,0.7078,1.8383,-0.6821,2.085,2.9432153763479763,0.9790262931664139,19.444444444444443,Uphill_data
32.240524,-1.2647,1.1203,-0.189,1.7,3.1583269496891315,0.9783503144389962,19.473995271867615,Uphill_data
32.260818,0.3392,0.9519,-2.0727,2.306,3.436248650662707,0.9776820999654071,19.50354609929078,Uphill_data
32.280257,1.7898,-0.3838,-0.7515,1.979,3.7613512348917997,0.9770207967969555,19.533096926713952,Uphill_data
32.301077,0.4252,-2.3801,4.9414,5.501,4.113588169458934,0.9763591066885361,19.562647754137117,Uphill_data
32.323217,-1.2765,-1.2798,6.1063,6.368,4.470164907287884,0.9757061705919372,19.592198581560282,Uphill_data
32.3415,-2.0484,-1.7086,1.7159,3.172,4.807707735841291,0.9750563681170336,19.621749408983455,Uphill_data
32.360936,-2.1631,-3.3477,-0.3845,4.004,5.104269615941675,0.974409616577538,19.65130023640662,Uphill_data
32.380731,-1.5713,-4.5736,2.4555,5.424,5.341085191887638,0.9737690480908243,19.68085106382979,Uphill_data
32.400982,-0.9274,-6.6056,5.324,8.535,5.504494406024286,0.9731280962893659,19.710401891252957,Uphill_data
32.421406,-2.5668,-6.8505,3.1464,7.964,5.588054976505473,0.9724934959496453,19.739952718676122,Uphill_data
32.443424,-4.7435,-4.7052,2.3455,7.081,5.594048087879224,0.9718662944684648,19.769503546099294,Uphill_data
32.461847,-4.3317,-4.3917,2.4243,6.628,5.533416963442318,0.9712406451615077,19.79905437352246,Uphill_data
32.483374,-2.9908,-2.9283,1.3116,4.386,5.423807826221197,0.970620251208499,19.82860520094563,Uphill_data
32.501781,-2.5004,0.4658,1.0019,2.734,5.286169842542083,0.9700040992316116,19.858156028368796,Uphill_data
32.522871,-0.2666,-1.4144,1.4191,2.021,5.140921230857792,0.9693887976948253,19.88770685579196,Uphill_data
32.541857,2.3896,-4.599,0.7352,5.235,5.0049017039721315,0.968781503053258,19.917257683215134,Uphill_data
32.563555,4.0031,-4.4754,-1.6158,6.218,4.889945295924604,0.9681778518703458,19.9468085106383,Uphill_data
32.581252,4.3809,-1.2357,-3.4629,5.719,4.80292883266721,0.9675778918421886,19.97635933806147,Uphill_data
32.605409,2.772,1.4408,-2.6751,4.113,4.74635340152157,0.9669819676794505,20.005910165484636,Uphill_data
32.621385,0.4147,1.7706,-2.1592,2.823,4.718660832530057,0.9663907930501298,20.0354609929078,Uphill_data
32.644167,-2.1933,-0.7213,-4.4833,5.043,4.7142982753761755,0.9658031153295403,20.065011820330973,Uphill_data
32.661469,-2.7683,-2.353,0.0944,3.634,4.724071351855385,0.9652184450566613,20.094562647754138,Uphill_data
32.686545,-0.5136,-1.3785,-2.223,2.666,4.736196145707753,0.9646398146713847,20.124113475177303,Uphill_data
32.702143,-0.3444,2.7002,-6.0457,6.63,4.738166155682121,0.9640630951612359,20.153664302600475,Uphill_data
32.726156,-0.2564,4.7776,-5.6352,7.392,4.719343949421667,0.9634933019056439,20.18321513002364,Uphill_data
32.741613,-0.7147,4.9457,-4.509,6.731,4.673729743783573,0.9629245523527279,20.212765957446813,Uphill_data
32.766471,-0.0804,2.3153,-4.2983,4.883,4.601888797392144,0.9623611159194758,20.242316784869978,Uphill_data
32.781994,0.4556,0.5351,-4.3935,4.449,4.5112875190247,0.9618016556212584,20.271867612293143,Uphill_data
32.802658,0.0949,2.2135,-4.2376,4.782,4.415134223262056,0.9612472390037481,20.301418439716315,Uphill_data
32.822382,0.3876,2.8041,-3.4964,4.499,4.330338317352156,0.9606956357583507,20.33096926713948,Uphill_data
32.845785,-0.0119,2.7672,-2.4886,3.722,4.275091425603111,0.960149220784154,20.360520094562652,Uphill_data
32.862004,-0.3418,2.7424,-1.9251,3.368,4.266314963266914,0.9596056296768932,20.390070921985817,Uphill_data
32.885651,-0.2521,2.2231,-0.7415,2.357,4.317216048447127,0.9590671526346717,20.419621749408982,Uphill_data
32.902705,-0.0609,1.6031,1.9093,2.494,4.4353733598319405,0.958531237713756,20.449172576832154,Uphill_data
32.928432,0.411,1.0566,3.9368,4.097,4.621872142168422,0.9579997533464836,20.47872340425532,Uphill_data
32.954117,1.5123,-0.0978,5.8868,6.079,4.871810891597339,0.9574718480332896,20.50827423167849,Uphill_data
32.965273,0.7566,-3.5231,8.5348,9.264,5.175924364512109,0.9569485775039662,20.537825059101657,Uphill_data
32.982629,-1.3073,-4.8725,4.368,6.673,5.5223406216037345,0.9564297341942865,20.56737588652482,Uphill_data
33.007456,-1.0151,-0.7503,2.101,2.451,5.897273439990775,0.9559135273653085,20.596926713947994,Uphill_data
33.024928,0.802,4.8781,1.2707,5.104,6.2842911229947935,0.9554014780727844,20.62647754137116,Uphill_data
33.048154,1.0456,4.5279,-2.2711,5.172,6.663099324508162,0.9548936637956488,20.65602836879433,Uphill_data
33.065208,1.3222,2.4562,-2.8697,4.002,7.009201393134756,0.9543898058282785,20.685579196217496,Uphill_data
33.08675,3.6753,-3.7681,3.0629,6.09,7.295230825487735,0.9538899043841484,20.71513002364066,Uphill_data
33.104684,2.4396,-10.7663,6.0126,12.57,7.494088337359463,0.9533940373706103,20.744680851063833,Uphill_data
33.122739,2.3903,-10.2787,2.2134,10.783,7.583301755783609,0.9529011781087612,20.774231678487,Uphill_data
33.146006,4.6741,-1.9992,-2.716,5.764,7.54916155610626,0.9524130120533059,20.803782505910164,Uphill_data
33.168502,6.731,9.8146,-6.3975,13.512,7.389162347462229,0.9519281267725851,20.833333333333336,Uphill_data
33.186477,4.9923,2.9356,0.4362,5.808,7.112257202396891,0.9514475566292845,20.8628841607565,Uphill_data
33.206678,-2.7472,-2.3761,1.1237,3.802,6.737176225546338,0.9509706328689751,20.892434988179673,Uphill_data
33.226428,-6.2248,-3.0843,-4.1879,8.112,6.289409600074309,0.950497118830335,20.921985815602838,Uphill_data
33.249307,-3.9517,-1.4492,-2.4762,4.883,5.797807990823857,0.9500279061078757,20.951536643026003,Uphill_data
33.266228,-1.5974,0.6949,-2.9741,3.447,5.291550922623947,0.9495620504657966,20.981087470449175,Uphill_data
33.289487,-0.0112,2.6607,-3.2303,4.185,4.797662630770825,0.949100119582141,21.01063829787234,Uphill_data
33.305923,0.1267,3.318,-3.0761,4.526,4.339175616075207,0.948642070728383,21.040189125295512,Uphill_data
33.328895,-0.0779,3.2434,-2.662,4.197,3.934090117435744,0.9481878715854832,21.069739952718678,Uphill_data
33.347053,0.3994,3.5763,-0.8498,3.697,3.594950914393951,0.9477372242972489,21.099290780141843,Uphill_data
33.369217,-0.1143,0.2088,0.3258,0.403,3.3286736338110066,0.9472905754945447,21.128841607565015,Uphill_data
33.38734,-1.6681,-2.015,-1.9757,3.278,3.1365816724450797,0.9468475845820242,21.15839243498818,Uphill_data
33.408877,-2.8585,-1.5813,-2.3869,4.046,3.015003726624569,0.946407912344992,21.187943262411352,Uphill_data
33.432626,-3.9351,-1.5404,-0.3314,4.239,2.9565916229829687,0.9459725974605232,21.217494089834517,Uphill_data
33.444413,-1.3304,0.6248,1.5734,2.153,2.951919474360999,0.9455403915631502,21.247044917257682,Uphill_data
33.467171,1.6276,1.2401,1.6513,2.629,2.99077705816327,0.9451122243265012,21.276595744680854,Uphill_data
33.487494,1.5002,0.7683,3.3161,3.72,3.0630600422311898,0.9446877902023731,21.30614657210402,Uphill_data
33.506235,0.3221,0.0289,4.1568,4.169,3.159516405587356,0.9442669408646811,21.33569739952719,Uphill_data
33.531425,0.0168,-1.0209,1.7804,2.052,3.272426609814124,0.9438497979831213,21.365248226950357,Uphill_data
33.546,1.6462,-1.2077,-2.2884,3.067,3.3960992050935794,0.9434363351464807,21.39479905437352,Uphill_data
33.570088,2.2188,3.6732,-2.4204,4.927,3.5272371013236614,0.9430265353140456,21.424349881796694,Uphill_data
33.586799,-1.1719,5.3182,0.6943,5.49,3.6653101479382606,0.9426206679082126,21.45390070921986,Uphill_data
33.610273,-2.9473,-3.0787,1.7276,4.599,3.812697925717051,0.9422178506569303,21.48345153664303,Uphill_data
33.627367,-0.9222,-1.9589,4.07,4.61,3.974051602922123,0.9418190130695328,21.513002364066196,Uphill_data
33.650523,0.4742,0.786,2.4121,2.581,4.154577097224285,0.9414239633196079,21.54255319148936,Uphill_data
33.66604,-0.2335,-2.6297,-0.2677,2.654,4.357535876589063,0.9410322088363048,21.572104018912533,Uphill_data
33.690676,-1.0206,-2.0787,1.3451,2.678,4.581727877635659,0.9406443032600998,21.6016548463357,Uphill_data
33.707512,-1.0921,-1.1443,1.4065,2.117,4.819843734415412,0.9402599275268,21.631205673758863,Uphill_data
33.728722,-0.0694,-3.8439,1.1715,4.019,5.058378012435032,0.9398791193551421,21.660756501182036,Uphill_data
33.746979,0.7464,-5.9509,3.7065,7.05,5.279396385851821,0.9395020425018822,21.6903073286052,Uphill_data
33.769836,0.0527,-6.5678,5.2394,8.402,5.4638251710802574,0.9391284197277143,21.719858156028373,Uphill_data
33.795298,-2.6815,-5.2597,1.3539,6.057,5.595211384744059,0.9387584396400542,21.749408983451538,Uphill_data
33.808495,-2.088,-5.377,1.1926,5.89,5.6627128933319,0.9383920542922508,21.778959810874703,Uphill_data
33.827257,-2.7824,-5.9487,3.2774,7.34,5.66272541240058,0.9380291340509588,21.808510638297875,Uphill_data
33.84954,-4.6436,-5.4111,2.9814,7.729,5.599270370099124,0.9376698648973693,21.83806146572104,Uphill_data
33.8667,-3.435,-3.8272,0.643,5.183,5.483301273561276,0.9373141533342872,21.867612293144212,Uphill_data
33.890905,-0.227,-2.1065,-2.6321,3.379,5.330891535575196,0.9369619785860768,21.897163120567377,Uphill_data
33.912024,2.1508,0.0064,-4.3539,4.856,5.160584709754294,0.9366133752152596,21.926713947990542,Uphill_data
33.929164,2.9869,1.227,-3.4637,4.735,4.990667858339125,0.9362682881263602,21.956264775413715,Uphill_data
33.947186,2.9207,2.2158,-3.0516,4.77,4.8370014825692005,0.9359267157594489,21.98581560283688,Uphill_data
33.969765,2.2489,1.8446,-3.8416,4.819,4.71146782081457,0.9355886521181122,22.015366430260052,Uphill_data
33.986926,0.1456,-0.0637,-0.0791,0.178,4.62083742246348,0.9352540877075765,22.044917257683217,Uphill_data
34.00735,-1.2029,-0.5254,4.3344,4.529,4.566173012468923,0.9349230890145196,22.074468085106382,Uphill_data
34.027745,-0.4419,1.4196,-2.4623,2.876,4.543326163407679,0.9345955726748235,22.104018912529554,Uphill_data
34.049856,-0.0715,2.3132,-7.2962,7.654,4.544939235094095,0.9342715781225641,22.13356973995272,Uphill_data
34.067687,-0.2445,2.58,-7.7966,8.216,4.563544620848109,0.9339510664262459,22.16312056737589,Uphill_data
34.08775,0.1605,2.969,-4.707,5.567,4.594520821460216,0.9336340451889172,22.192671394799056,Uphill_data
34.107771,0.3528,3.0302,-3.1361,4.375,4.637582548961975,0.9333204857366953,22.22222222222222,Uphill_data
34.128161,2.3503,1.3741,-3.2596,4.247,4.696341669425752,0.9330103998676597,22.251773049645394,Uphill_data
34.150789,4.0933,0.4035,-3.3808,5.324,4.776524177409956,0.9327038106376208,22.28132387706856,Uphill_data
34.169977,2.8846,1.1326,-3.2987,4.526,4.883704962332613,0.9324006640286134,22.31087470449173,Uphill_data
34.189455,1.5013,1.7999,-2.4199,3.369,5.021027173298283,0.9321009980812814,22.340425531914896,Uphill_data
34.209643,1.2583,2.2837,-1.4262,2.972,5.1871407977688335,0.9318047630134882,22.36997635933806,Uphill_data
34.231889,1.4703,2.637,-0.4187,3.048,5.374808971408112,0.9315119905596053,22.399527186761233,Uphill_data
34.256987,0.5317,2.8794,1.6014,3.337,5.570855987598852,0.931222661881271,22.429078014184398,Uphill_data
34.270987,-2.3125,1.4565,5.8376,6.446,5.757982791462304,0.9309367641912109,22.458628841607563,Uphill_data
34.290986,-5.1761,-1.8607,8.1031,9.794,5.918406358277735,0.9306542930609731,22.488179669030735,Uphill_data
34.313083,-9.5251,-5.584,7.9462,13.603,6.038341791967396,0.9303752457308319,22.5177304964539,Uphill_data
34.328693,-6.5129,-3.4096,1.8727,7.586,6.1113940301835745,0.9300996386511616,22.547281323877073,Uphill_data
34.353019,-0.3764,-0.8304,0.6942,1.146,6.138959238376135,0.9298274339186636,22.576832151300238,Uphill_data
34.369695,3.6148,1.6776,0.9985,4.108,6.127445883841574,0.9295586402669909,22.606382978723403,Uphill_data
34.392036,4.3399,2.2243,0.9745,4.973,6.08425216031781,0.9292932510657501,22.635933806146575,Uphill_data
34.41158,1.9688,-1.5301,-0.96,2.672,6.014829158753847,0.929031275070441,22.66548463356974,Uphill_data
34.430248,0.9887,-5.3234,-6.13,8.179,5.921848951776173,0.9287726936632243,22.695035460992912,Uphill_data
34.450525,4.703,-6.7961,1.4556,8.392,5.806188295338298,0.9285175088431277,22.724586288416077,Uphill_data
34.469677,2.0679,-2.5904,5.8381,6.713,5.668705086157505,0.9282656958837077,22.754137115839242,Uphill_data
34.490731,0.4965,-3.0594,-3.4551,4.642,5.51153338962349,0.9280172792641368,22.783687943262414,Uphill_data
34.509697,-1.0325,-3.389,-1.4399,3.824,5.338220741729252,0.9277722323900199,22.81323877068558,Uphill_data
34.531746,-1.7373,-2.4848,-2.8562,4.165,5.153127344685,0.9275305703542994,22.84278959810875,Uphill_data
34.55283,-3.5646,-2.3968,-5.7292,7.161,4.960989379453532,0.9272922723774714,22.872340425531917,Uphill_data
34.571905,-4.5091,-2.4662,-3.4787,6.206,4.767029444451107,0.9270573427587511,22.90189125295508,Uphill_data
34.592665,-3.0874,-2.6538,-0.3297,4.085,4.577153927317912,0.9268257708833176,22.931442080378254,Uphill_data
34.612555,0.352,-0.3379,1.4233,1.505,4.3975984551716065,0.9265975623280758,22.96099290780142,Uphill_data
34.639482,3.0503,3.5911,3.1385,5.661,4.234083571332535,0.9263727032318727,22.99054373522459,Uphill_data
34.651094,3.0912,4.2616,2.9084,6.015,4.091111700464249,0.9261511886391073,23.020094562647756,Uphill_data
34.672195,0.3045,1.3253,1.4376,1.979,3.971634234848518,0.9259330235402647,23.04964539007092,Uphill_data
34.692917,0.1868,0.1927,1.1013,1.133,3.8767534422209637,0.9257181994474984,23.079196217494093,Uphill_data
34.71276,-2.2678,1.7935,-2.0155,3.524,3.8054969859711876,0.9255067125724743,23.10874704491726,Uphill_data
34.732634,-0.9391,1.2654,-5.6699,5.885,3.7553192545610075,0.9252985595650017,23.13829787234043,Uphill_data
34.751974,2.9081,-0.82,0.1422,3.025,3.7236120123946392,0.9250937345475341,23.167848699763596,Uphill_data
34.771446,4.3107,3.7848,5.4887,7.939,3.7096071022704376,0.9248922365288876,23.19739952718676,Uphill_data
34.791024,1.7414,1.9927,2.0484,3.347,3.7157354040517503,0.9246940615394372,23.226950354609933,Uphill_data
34.810753,-1.2715,3.063,2.2819,4.026,3.7478010945804403,0.9244992022146042,23.256501182033098,Uphill_data
34.832972,1.8883,3.4911,-0.3019,3.98,3.8138470879493727,0.9243076616519164,23.286052009456263,Uphill_data
34.850707,2.3296,2.3328,-0.033,3.297,3.922096214920871,0.9241194300198896,23.315602836879435,Uphill_data
34.876036,-0.5171,0.8938,2.5985,2.796,4.078542426427101,0.9239345081774115,23.3451536643026,Uphill_data
34.897842,0.7174,0.5314,3.4221,3.537,4.284673121991531,0.9237528915171811,23.374704491725772,Uphill_data
34.911207,-1.5599,-0.8824,1.0689,2.087,4.53574213060837,0.9235745763660951,23.404255319148938,Uphill_data
34.932113,-3.0428,-2.2492,1.3789,4.027,4.8199970048555825,0.9233995606964026,23.433806146572103,Uphill_data
34.952367,-3.2133,-3.0202,3.139,5.413,5.119152964369473,0.9232278400768582,23.463356973995275,Uphill_data
34.975006,-2.946,-2.9049,3.4003,5.355,5.410109163004082,0.9230594116484636,23.49290780141844,Uphill_data
35.001668,-3.0747,-2.6292,2.1065,4.561,5.667539335000451,0.9228942720776779,23.522458628841612,Uphill_data
35.012166,-4.8279,-2.7031,1.1898,5.66,5.866942305590879,0.9227324194104167,23.552009456264777,Uphill_data
35.033043,-5.9361,-3.21,3.4001,7.557,5.988010938301706,0.9225738506407867,23.581560283687942,Uphill_data
35.051888,-3.998,-2.1473,10.0371,11.015,6.018169689085594,0.9224185622213461,23.611111111111114,Uphill_data
35.072858,-5.9309,-2.9813,5.1834,8.422,5.9555563549757276,0.9222665517582077,23.64066193853428,Uphill_data
35.092013,-6.4967,-1.8967,-0.6321,6.797,5.810230739853689,0.9221178165858054,23.67021276595745,Uphill_data
35.115763,-3.7302,-0.469,-2.5549,4.546,5.602810441693297,0.9219723539165245,23.699763593380617,Uphill_data
35.132411,-1.8728,0.7129,-3.2703,3.835,5.3608899054058154,0.9218301612361852,23.72931442080378,Uphill_data
35.153531,-3.4805,1.0894,-2.831,4.617,5.114468470416054,0.9216912356974014,23.758865248226954,Uphill_data
35.172467,-3.8836,1.2441,0.327,4.091,4.891586998893866,0.9215555753173779,23.78841607565012,Uphill_data
35.192967,0.4621,2.0694,2.407,3.208,4.714781517604556,0.9214231775228079,23.81796690307329,Uphill_data
35.212455,0.4191,1.0406,-0.2024,1.14,4.59852664611725,0.921294039905898,23.847517730496456,Uphill_data
35.232664,-1.5857,-0.4232,-3.2336,3.626,4.547909721235076,0.9211681601234484,23.87706855791962,Uphill_data
35.252604,-1.5549,-1.5921,-5.1138,5.577,4.558931623490736,0.9210455358715477,23.906619385342793,Uphill_data
35.273017,0.0176,-2.0125,-5.6653,6.012,4.620439917604663,0.9209261650820093,23.93617021276596,Uphill_data
35.292525,1.7135,-1.2854,-5.492,5.895,4.7169358948649815,0.920810045549439,23.96572104018913,Uphill_data
35.312386,2.5541,-0.3943,-4.9785,5.609,4.8311764846606895,0.9206971753093046,23.995271867612296,Uphill_data
35.332697,1.8099,-0.2843,-3.5979,4.038,4.94589937009447,0.9205875522894977,24.02482269503546,Uphill_data
35.353187,1.9242,-1.1148,-2.6866,3.488,5.044691163385652,0.9204811744839851,24.054373522458633,Uphill_data
35.373364,3.982,-1.3328,-3.1264,5.235,5.112543668612263,0.9203780400501792,24.083924349881798,Uphill_data
35.393015,5.0214,-0.8219,-4.04,6.497,5.136714595880217,0.9202781472313174,24.113475177304963,Uphill_data
35.413365,5.4051,-0.3907,0.2633,5.426,5.108039612821193,0.920181494149154,24.143026004728135,Uphill_data
35.437095,4.8908,-2.1816,4.1007,6.745,5.022268644165607,0.9200880791251763,24.1725768321513,Uphill_data
35.461483,-1.1244,-3.046,-2.9799,4.407,4.880874498122843,0.9199979004997011,24.202127659574472,Uphill_data
35.473046,-1.6644,-2.1563,-6.826,7.349,4.691046973570142,0.9199109566502277,24.231678486997637,Uphill_data
35.494211,0.3868,-0.9824,-3.9454,4.084,4.464803466119718,0.9198272460660092,24.261229314420802,Uphill_data
35.513784,1.9452,0.0468,3.2784,3.812,4.217202752729141,0.9197467672210438,24.290780141843975,Uphill_data
35.533947,0.5565,-0.4386,0.8335,1.094,3.9638374745084546,0.9196695187401726,24.32033096926714,Uphill_data
35.556319,0.635,0.9445,-2.6425,2.877,3.718216204725854,0.9195954991940044,24.349881796690312,Uphill_data
35.575887,-0.2304,1.5305,-3.691,4.002,3.4898704937431373,0.9195247073049628,24.379432624113477,Uphill_data
35.596126,0.9392,1.005,-0.1773,1.387,3.283638669892152,0.9194571418075362,24.408983451536642,Uphill_data
35.613779,1.281,0.2838,4.2921,4.488,3.099975639081611,0.9193928015032987,24.438534278959814,Uphill_data
35.634215,-0.2981,-0.8447,1.2798,1.562,2.9359177326445276,0.9193316852522538,24.46808510638298,Uphill_data
35.654555,-1.0788,0.2743,2.9597,3.162,2.786445610629091,0.919273791969227,24.49763593380615,Uphill_data
35.67428,-0.5378,0.4794,4.6139,4.67,2.6460806266746455,0.9192191206284661,24.527186761229316,Uphill_data
35.694611,1.5141,-0.031,2.566,2.98,2.5104698163047177,0.919167670260133,24.55673758865248,Uphill_data
35.714566,2.1187,0.0798,1.738,2.742,2.3775466453227563,0.9191194399540176,24.586288416075654,Uphill_data
35.734698,1.3954,-0.5541,2.3292,2.771,2.2479180971902317,0.9190744288545246,24.61583924349882,Uphill_data
35.754794,0.9655,-0.5781,2.0693,2.356,2.1244708906974576,0.9190326361639126,24.64539007092199,Uphill_data
35.775133,0.6518,-0.5751,1.3668,1.62,2.01141421123407,0.9189940611417515,24.674940898345156,Uphill_data
35.794832,0.1616,-0.3544,1.1532,1.217,1.9129878080916018,0.9189587031048604,24.70449172576832,Uphill_data
35.815122,-0.2323,-0.1892,0.4721,0.559,1.8321099023157015,0.9189265614270836,24.734042553191493,Uphill_data
35.83502,-0.9632,-0.4369,0.2366,1.084,1.769334758244253,0.9188976355391081,24.763593380614658,Uphill_data
35.855591,-1.4115,-0.4644,0.1474,1.493,1.7224624870472038,0.918871924928335,24.793144208037823,Uphill_data
35.875449,-1.6025,-0.2355,-0.8412,1.825,1.6869308577535864,0.9188494291396916,24.822695035460995,Uphill_data
35.899502,-1.2021,-0.2711,-1.6508,2.06,1.6568319388604364,0.9188301477748206,24.85224586288416,Uphill_data
35.924095,-0.3422,-0.2179,-1.9985,2.039,1.6262176429432154,0.9188140804921934,24.881796690307333,Uphill_data
35.935332,-0.1032,-0.177,-1.8604,1.872,1.5903620144851236,0.918801227007485,24.911347517730498,Uphill_data
35.955161,-0.659,-0.0028,-3.0065,3.078,1.546747495948983,0.9187915870931742,24.940898345153663,Uphill_data
35.975249,-0.8067,0.4619,-1.8203,2.044,1.4955955655589126,0.9187851605783905,24.970449172576835,Uphill_data
35.995294,-1.358,-0.4929,-0.3053,1.477,1.439755227259522,0.9187819473494125,25.0,Uphill_data
