time,ax (m/s^2),ay (m/s^2),az (m/s^2),aT (m/s^2)
0.015509,0.0723,-0.5681,-0.3242,0.658
0.026731,-0.2865,-0.4734,0.5606,0.788
0.043400,0.0825,-0.2112,0.4013,0.461
0.067629,0.3597,-0.3356,-0.1785,0.523
0.084969,0.6136,-0.2062,-0.0753,0.652
0.104421,0.7907,0.0515,-0.1610,0.809
0.124980,0.8145,0.1974,-0.2314,0.869
0.148591,0.5491,-0.0280,-0.3330,0.643
0.164760,0.2354,-0.2118,-0.5105,0.601
0.184696,0.0820,-0.0458,-0.3278,0.341
0.204816,0.1426,0.0388,-0.5975,0.616
0.227993,-0.0367,-0.2061,-0.5895,0.626
0.247150,-0.2872,-0.4979,-0.0506,0.577
0.264611,0.0556,-0.2339,0.0373,0.243
0.288422,0.5387,0.0406,-0.5396,0.764
0.305128,-0.0939,-0.1697,-1.4366,1.450
0.327454,-0.5047,-0.6167,-1.6085,1.795
0.347838,-0.5691,-0.7563,-0.6421,1.144
0.367750,-0.5103,-0.6839,-0.0696,0.856
0.387926,0.7849,-0.6012,0.5343,1.124
0.406763,2.1509,0.8527,4.5198,5.078
0.425113,0.7559,0.7041,0.0419,1.034
0.446835,0.5757,0.5983,0.4954,0.967
0.466260,-0.0849,1.3148,1.0505,1.685
0.488768,-0.1565,-0.3643,-0.4767,0.620
0.507507,0.0625,-0.9897,0.1650,1.005
0.528579,0.0762,-0.7739,1.6369,1.812
0.547151,-0.0255,-0.3158,0.6938,0.763
0.567827,0.3493,0.5569,0.5886,0.882
0.587213,0.1577,-0.7323,0.6165,0.970
0.610692,0.3996,-2.3225,-0.9694,2.548
0.626400,0.6792,-1.6025,-1.1733,2.099
0.647451,0.0972,1.6929,0.1643,1.704
0.669734,-3.1538,4.0753,2.5038,5.729
0.687145,0.1522,3.2102,-0.9625,3.355
0.708214,2.8054,2.1785,-1.0613,3.707
0.727135,2.0989,1.4663,0.5450,2.618
0.747162,0.7445,-1.0825,0.3054,1.349
0.768096,-0.2504,-3.3847,0.2699,3.405
0.787895,0.0491,-3.3192,0.0445,3.320
0.808714,0.8790,-0.9095,0.0101,1.265
0.827213,-0.6102,-0.0652,0.3231,0.694
0.847261,-0.6708,-0.1509,0.3189,0.758
0.869932,0.0647,-0.3876,1.7506,1.794
0.890052,0.0292,-0.9571,1.3573,1.661
0.907670,-0.8449,-0.8528,-0.7741,1.428
0.927704,-2.6201,-0.1254,-0.4984,2.670
0.950613,-2.1654,0.7725,-0.3548,2.326
0.968864,2.2311,0.3158,-0.3988,2.288
0.988124,2.6746,1.5709,-0.5033,3.142
1.009626,3.7775,1.7551,-0.6319,4.213
1.031612,4.6558,1.3940,-0.2041,4.864
1.048923,2.0029,-0.8515,0.1595,2.182
1.070697,3.1119,-0.6357,2.3592,3.956
1.089216,4.6975,-0.1855,0.2742,4.709
1.109003,0.5835,-1.8496,-0.3315,1.968
1.129778,-9.0133,-3.8692,-0.1336,9.810
1.147992,-4.0651,-0.0598,1.9121,4.493
1.170146,0.4249,1.7233,-0.0319,1.775
1.190529,1.0390,1.7210,-1.8744,2.749
1.210321,0.0806,1.1769,-0.0814,1.182
1.228092,-0.8189,1.5549,1.4325,2.267
1.250711,0.6093,-0.0260,0.0163,0.610
1.271164,1.4696,-0.0266,-0.9109,1.729
1.291321,3.1748,2.4132,-1.1014,4.137
1.312689,2.9932,2.1528,-0.6683,3.747
1.331038,-3.1908,-6.2773,2.8783,7.607
1.351484,-0.7435,-2.4393,1.6122,3.017
1.371967,0.0482,-0.3246,0.1063,0.345
1.392389,1.1250,-0.5860,0.4600,1.349
1.413321,1.1015,0.5010,-0.7887,1.444
1.431513,0.0129,-1.2715,0.5534,1.387
1.451655,-0.0893,-3.2529,1.1803,3.462
1.473174,-0.0990,-1.9102,0.6783,2.029
1.489832,0.4014,-1.5016,0.9823,1.839
1.512821,1.6440,0.0428,-0.4135,1.696
1.532958,3.4555,0.9863,-1.4815,3.887
1.552991,1.8184,-0.1990,-0.0573,1.830
1.573068,0.9151,-1.3518,0.5934,1.737
1.594198,1.6963,-0.2118,0.0917,1.712
1.612225,0.8654,3.3776,-1.8527,3.948
1.632080,-1.9569,2.9548,-2.0380,4.088
1.652210,-2.9666,1.8057,-0.3337,3.489
1.672553,-1.7987,1.3150,0.0986,2.230
1.693324,-1.3681,2.6871,0.2417,3.025
1.713541,-1.4984,1.5949,0.1528,2.194
1.733395,0.7202,-2.5841,0.1101,2.685
1.753714,2.8474,-4.1075,-0.7599,5.055
1.773622,1.8283,-4.7439,0.1815,5.087
1.793332,1.0595,-3.3277,1.1966,3.692
1.812705,1.6045,-1.7660,1.1915,2.667
1.834199,2.1817,-1.7341,-1.1327,3.008
1.854358,2.9602,-3.1330,-3.2786,5.416
1.874084,0.9715,0.7140,0.9692,1.547
1.891484,-0.8617,4.2176,3.6247,5.628
1.914462,-4.3126,4.4995,0.8009,6.284
1.933080,-1.3296,4.6013,-0.0567,4.790
1.954923,-0.4568,2.5351,-1.0429,2.779
1.973157,-0.6303,2.2191,0.6459,2.396
1.992132,-0.9529,2.1444,1.3880,2.726
2.013663,-0.4110,2.5951,0.3768,2.654
2.038360,0.6919,-1.3455,0.0679,1.514
2.053558,1.5650,-3.7820,-2.0149,4.562
2.075060,1.8649,-1.1632,-1.1964,2.502
2.093607,1.2305,-1.6112,0.1571,2.033
2.115512,1.5898,-3.7698,0.1256,4.093
2.134054,2.1112,-2.2840,0.9197,3.243
2.154729,0.9247,-0.5338,2.0676,2.327
2.175549,-0.1521,-0.7527,1.5324,1.714
2.194886,-0.1572,0.5714,-1.0653,1.219
2.214646,-0.6311,1.3856,-0.4889,1.599
2.235616,-0.1023,1.7633,0.9524,2.007
2.254666,0.3509,1.6120,1.0380,1.949
2.274143,0.8004,0.9108,0.7736,1.438
2.294205,1.2784,0.3149,-0.1554,1.326
2.314232,1.3254,0.3026,-0.0597,1.361
2.334294,0.6911,-0.3480,0.3855,0.864
2.356601,0.0960,-0.8082,-0.2413,0.849
2.376536,0.5879,-0.9532,-0.3178,1.164
2.395890,0.7876,-0.7180,0.7175,1.285
2.414828,1.2150,3.6824,0.4748,3.907
2.434686,0.7744,5.1766,0.6952,5.280
2.455233,0.9648,2.8597,-0.5576,3.069
2.475007,2.1163,-1.1112,-1.0169,2.598
2.495175,1.0442,-2.3390,-1.2850,2.866
2.516090,-0.2074,-1.7530,0.2800,1.787
2.534952,-0.2873,-0.4323,1.0447,1.167
2.556187,-0.1614,-1.1860,0.5864,1.333
2.575629,-0.2846,-3.1696,0.2849,3.195
2.601543,0.0933,-2.6031,-0.6318,2.680
2.623341,0.7295,0.5016,-0.5791,1.058
2.635011,1.0030,2.2555,1.4970,2.887
2.656415,0.7179,1.0864,1.0386,1.666
2.676433,0.0750,-0.9013,-0.1223,0.913
2.702027,-0.3293,-0.8264,0.2599,0.927
2.716995,-0.4919,0.6846,0.1501,0.856
2.737592,-0.1844,0.7090,-0.3741,0.823
2.756331,0.3649,1.5647,0.1107,1.611
2.783929,0.3997,1.1298,0.2605,1.226
2.796581,0.7112,2.0752,0.2918,2.213
2.823358,0.5499,1.3610,0.0863,1.470
2.836752,0.5375,0.0264,0.0687,0.543
2.856523,0.6346,-0.6031,1.0449,1.363
2.877564,-0.4221,-7.8968,0.6527,7.935
2.896914,-1.7570,-10.4174,1.1179,10.623
2.916626,-0.9360,2.0053,1.3673,2.601
2.936386,0.7160,-0.2133,0.7484,1.057
2.957282,1.2347,-0.9427,0.7807,1.739
2.977103,0.1470,-0.5520,1.2377,1.363
2.997014,-0.6460,-0.0994,1.2358,1.398
3.017331,-0.3835,0.7014,0.9527,1.244
3.037801,0.8719,1.1073,0.2117,1.425
3.057680,0.8027,0.5321,0.0125,0.963
3.077314,-0.4099,0.0277,1.1799,1.249
3.097569,-1.0202,-0.2504,1.4199,1.766
3.123312,-0.8545,-0.3929,1.1261,1.467
3.137581,-0.6700,-0.1094,1.1784,1.360
3.157896,-0.7600,-0.0115,1.4522,1.639
3.181768,-1.3123,-0.1354,1.7771,2.213
3.197801,-1.7428,-0.4071,1.5714,2.382
3.233112,-2.4164,-1.6069,0.7682,3.002
3.243687,-2.8159,-2.7762,-0.3047,3.966
3.256936,-1.7130,-2.3604,-0.3022,2.932
3.277090,0.8946,-1.6626,0.7632,2.036
3.297000,2.5993,-1.9469,1.4250,3.546
3.317069,1.9355,-2.0127,3.1952,4.243
3.338380,1.1206,-2.1998,4.1715,4.847
3.357219,1.1185,-1.9706,3.1552,3.885
3.377774,0.5609,-0.4425,1.2210,1.415
3.397582,-0.1738,0.5655,0.1895,0.621
3.417615,0.4208,1.2583,-3.0711,3.345
3.440466,0.6214,-0.1718,-3.1803,3.245
3.460364,0.0176,-1.3003,-1.7485,2.179
3.478044,-0.1777,-1.0589,-1.8616,2.149
3.498403,0.6852,-0.4004,-3.2080,3.305
3.518410,1.4358,0.5828,-2.4988,2.940
3.538703,1.3547,0.7845,-1.6590,2.281
3.558649,0.9585,1.0005,-1.3689,1.948
3.578951,0.1183,0.7506,-0.5700,0.950
3.599120,-0.2288,0.5583,0.0493,0.605
3.619310,0.0782,1.1522,-0.3929,1.220
3.640920,0.2645,1.3278,-1.2513,1.844
3.660156,1.1514,1.8665,-0.9176,2.377
3.679769,1.9449,2.6201,-0.5321,3.306
3.699539,2.1446,2.5496,-0.1697,3.336
3.720613,1.9799,1.9822,0.4453,2.837
3.741791,1.3967,1.2660,0.6495,1.994
3.764536,0.7287,0.8747,0.7454,1.361
3.780287,0.3364,0.6108,0.8333,1.087
3.804048,0.0255,0.4099,0.6757,0.791
3.823591,-0.0239,0.2209,0.5364,0.581
3.840451,0.1959,0.1039,0.6292,0.667
3.861361,0.2699,0.2601,0.4045,0.551
3.880543,0.1147,0.6916,0.3901,0.802
3.901113,-0.0976,1.2134,0.8874,1.506
3.921242,0.1732,1.0618,1.5240,1.865
3.940711,1.6174,-4.1361,1.6610,4.742
3.965406,2.6485,-14.2620,0.0593,14.506
3.983470,1.3775,-10.7057,-0.8323,10.826
4.002429,3.9447,7.0930,-0.7913,8.155
4.023129,4.2447,9.5686,-2.2481,10.707
4.044635,1.7607,6.4388,-2.3693,7.083
4.065386,0.0632,2.9725,-3.1651,4.343
4.083546,-1.1134,-0.9850,-3.2417,3.566
4.104403,-3.0128,-3.9379,-2.9936,5.792
4.123989,-3.0532,-3.8411,0.7942,4.971
4.143838,-0.8713,-2.3034,5.1104,5.673
4.163623,0.5596,-0.5148,3.1438,3.234
4.182300,0.5420,0.7857,-1.6193,1.880
4.203841,0.6655,1.8180,-4.3344,4.747
4.223517,1.0856,1.5843,-3.4640,3.961
4.242116,0.6292,0.0682,-1.8878,1.991
4.266423,-0.0479,-0.8602,0.7938,1.171
4.288620,-0.1296,-0.2745,3.2336,3.248
4.302538,-0.2764,0.3524,2.8513,2.886
4.324618,-0.1936,0.2880,1.2202,1.269
4.344645,0.4565,0.6582,0.4751,0.931
4.364272,0.3022,0.1860,-0.7117,0.795
4.384992,0.0543,-0.3809,-0.6161,0.726
4.403772,0.5331,0.1437,-0.4476,0.711
4.424532,0.6428,0.2375,-0.1728,0.707
4.444368,0.4797,0.1596,0.3718,0.628
4.466019,0.0487,0.1401,1.2543,1.263
4.484836,-0.9095,0.0067,2.2720,2.447
4.504798,-1.1714,-0.6796,2.3290,2.694
4.530816,-0.5040,-1.0414,0.6693,1.337
4.550173,0.1238,-0.7230,-0.4427,0.857
4.563851,-0.2300,-0.5325,0.5409,0.793
4.584072,-0.9010,-0.8141,1.3610,1.824
4.604700,-1.0090,-0.8276,1.3406,1.871
4.629378,-1.4405,-0.0901,1.4356,2.036
4.649335,-2.4959,0.0779,2.0537,3.233
4.664307,-3.2741,-1.6082,1.5570,3.966
4.684417,-3.4366,-4.1872,0.1026,5.418
4.706834,-2.4188,-3.6077,1.3651,4.553
4.727878,0.1797,-1.8684,3.2250,3.731
4.745858,1.8755,-1.8367,3.3035,4.220
4.764953,2.1140,-1.3693,2.8333,3.791
4.786952,2.4301,-0.4875,2.3554,3.419
4.807554,2.4326,-0.0913,0.7323,2.542
4.826415,1.3617,0.0819,-3.7559,3.996
4.846278,-0.2945,-1.2744,-4.5246,4.710
4.869776,-0.2776,-1.6037,-2.6431,3.104
4.885861,0.8409,-1.2409,-3.3244,3.647
4.909333,1.7512,-0.8949,-3.8785,4.349
4.929232,2.5782,0.2814,-1.9400,3.239
4.949435,2.2211,0.9084,-1.1618,2.666
4.969901,1.0829,1.4045,-2.0887,2.740
4.986120,0.3134,2.0667,-2.0467,2.925
5.010248,0.1358,2.4191,-2.1905,3.266
5.030461,0.4614,2.4346,-1.8929,3.118
5.048666,1.0390,2.5746,-1.5778,3.193
5.069598,1.2689,2.7937,-1.5924,3.457
5.085321,1.1331,2.7616,-1.4947,3.338
5.110265,0.8092,2.4856,-0.9992,2.798
5.130839,0.5275,2.0229,-0.5940,2.173
5.146217,0.4379,1.4816,-0.3000,1.574
5.168430,0.2691,0.9144,0.2445,0.984
5.189674,0.0229,0.2719,0.9212,0.961
5.210701,-0.2980,-1.1377,2.1078,2.414
5.227529,-0.6262,-3.2637,4.4612,5.563
5.248740,0.0525,-3.9031,6.0484,7.199
5.268531,0.8507,-1.8690,3.5404,4.093
5.289022,0.3362,1.1687,1.5988,2.009
5.309559,1.2721,2.7039,0.8862,3.117
5.327014,5.0406,-2.6546,0.5542,5.724
5.347055,6.4010,-12.6252,-1.0042,14.191
5.368551,4.3664,-5.4749,-4.7696,8.473
5.391242,2.6493,7.8138,-4.0048,9.171
5.409647,1.6986,7.6692,-1.6223,8.021
5.430360,0.0014,3.7415,-3.5308,5.144
5.452207,-0.6168,1.4330,-3.7367,4.049
5.472452,-1.6591,-1.0390,-3.0584,3.631
5.489648,-1.7953,-2.3912,-1.0659,3.174
5.510266,-1.5768,-2.9613,0.5568,3.401
5.528780,-1.2109,-2.4065,0.0332,2.694
5.548036,-0.3620,0.1585,-1.2266,1.289
5.569473,0.0655,1.6275,-0.8196,1.823
5.589177,-0.2273,0.8033,-0.0593,0.837
5.610263,-1.3144,-0.6968,-0.2913,1.516
5.633997,-0.7567,-0.5119,0.2315,0.942
5.653561,0.4281,0.4588,0.6248,0.885
5.671790,0.9229,0.9195,0.8364,1.548
5.690959,0.6605,0.9370,0.4141,1.219
5.710115,0.4854,0.7581,0.2038,0.923
5.731709,0.3356,0.3243,0.4635,0.658
5.750896,0.0847,0.1896,0.8721,0.896
5.771110,0.0173,0.3273,0.7039,0.776
5.791346,-0.1354,0.2239,0.2697,0.376
5.814344,-0.3997,-0.0884,0.0744,0.416
5.835037,-0.6612,-0.3987,0.5213,0.932
5.850315,-1.0425,-0.5712,1.2745,1.743
5.869503,-1.3482,-0.7521,1.5266,2.171
5.890634,-1.4819,-0.4785,1.4697,2.141
5.914692,-1.7397,-0.4930,1.5360,2.373
5.930972,-2.0837,-0.7147,1.4398,2.632
5.949899,-2.0044,-0.6747,1.4669,2.574
5.969834,-1.9744,-2.8954,1.0783,3.667
5.990060,-2.7147,-5.7121,-0.3804,6.336
6.009664,-2.2029,-4.0855,-0.1881,4.645
6.031574,0.7793,-1.7593,2.3774,3.058
6.052052,2.5292,-0.8260,4.0347,4.833
6.070307,3.0404,-0.2653,4.2012,5.193
6.095373,3.4242,0.1994,2.7732,4.411
6.114637,1.7784,0.2739,1.1222,2.121
6.130823,0.0187,1.0784,-0.5078,1.192
6.150406,-1.9791,0.2352,-2.9463,3.557
6.171207,-2.6206,-1.9421,-3.1232,4.516
6.192945,-0.9986,-2.6843,-3.2045,4.298
6.212151,1.1793,-1.3362,-3.3567,3.801
6.231046,2.3516,-0.2991,-3.4470,4.183
6.252187,2.2258,0.7855,-1.8140,2.977
6.270338,1.0341,0.9651,-1.1549,1.826
6.291204,0.1181,1.0371,-1.1869,1.581
6.311442,-0.0863,1.6584,-1.0542,1.967
6.332878,-0.0518,2.0099,-1.6198,2.582
6.358095,0.3501,2.1581,-1.8253,2.848
6.379016,0.8921,1.8516,-1.9767,2.852
6.392286,1.1369,1.5312,-1.9948,2.760
6.412325,0.9737,1.6246,-1.6627,2.520
6.436265,0.6117,1.7906,-1.0411,2.160
6.452709,0.3891,1.8098,-0.5615,1.934
6.474499,0.1854,1.5328,0.0210,1.544
6.495098,0.0185,1.1129,0.5959,1.263
6.514683,-0.0826,0.7507,0.9802,1.237
6.532139,-0.2905,0.7118,1.1263,1.364
6.552749,-0.1602,0.6974,1.3361,1.516
6.572317,0.3987,0.0284,1.9624,2.003
6.594674,1.1107,-1.3355,3.1918,3.634
6.615390,1.5343,-2.9142,3.8735,5.084
6.634127,1.4999,-2.5823,3.0024,4.235
6.654753,1.5025,0.0440,2.3276,2.771
6.675299,1.5716,2.7656,1.9197,3.715
6.695821,1.6123,4.0989,1.2699,4.584
6.714502,1.7901,2.6843,-0.2315,3.235
6.736426,1.6064,-2.9924,-1.2675,3.625
6.755537,0.9925,-11.0144,-1.8214,11.208
6.773573,0.6915,-8.0806,-4.0743,9.076
6.795768,2.7431,1.7817,-3.7929,5.009
6.814214,2.9430,4.6685,-2.3545,6.000
6.834882,1.6087,5.0902,-1.0615,5.443
6.854552,0.2998,5.1871,0.9081,5.275
6.874153,-0.2989,1.4955,-1.7914,2.353
6.895445,-1.1908,-3.8561,-5.6699,6.960
6.914901,-2.8006,-4.7862,-2.9160,6.265
6.934974,-2.9599,-1.6638,-1.0169,3.544
6.954310,-1.3840,0.8513,0.2332,1.641
6.977211,-0.4078,1.2846,1.3607,1.915
6.994488,0.7857,0.9921,1.2879,1.806
7.015949,1.5551,0.6476,-0.2854,1.709
7.036743,1.8913,0.6373,-1.9282,2.775
7.057631,1.9553,0.9004,-1.8675,2.850
7.075868,1.5465,0.4981,-0.1741,1.634
7.100431,0.3304,-0.1484,1.4433,1.488
7.122111,-0.4347,-0.2948,1.8378,1.911
7.134350,-0.5035,-0.3985,1.3557,1.500
7.155533,0.0601,-0.4545,0.8938,1.005
7.176395,0.3502,-0.4338,1.0221,1.164
7.195556,-0.0564,-0.2867,1.4868,1.515
7.216245,-0.7023,-0.4610,1.8934,2.071
7.237036,-1.4369,-0.7296,1.8514,2.455
7.256527,-2.2834,-0.4159,1.4572,2.741
7.277266,-2.9838,-0.8630,1.0790,3.288
7.296118,-3.0518,-1.7948,0.9585,3.668
7.317730,-2.3554,-3.4352,0.8424,4.249
7.335938,-1.8064,-5.3111,0.7452,5.659
7.356183,-0.9473,-3.9068,2.2119,4.588
7.375959,0.6732,-2.1542,4.0465,4.633
7.399228,1.8297,-1.8234,4.2159,4.944
7.416243,2.4613,-0.7016,2.1708,3.356
7.436685,3.1956,1.3280,1.2190,3.669
7.456656,3.1367,1.9462,-0.0537,3.692
7.478564,1.5237,2.2659,-1.5683,3.149
7.497108,-1.0645,-0.4913,-2.2590,2.545
7.518011,-2.0856,-2.8751,-3.2566,4.819
7.537753,-0.7704,-2.8984,-3.9660,4.972
7.556623,1.3194,-1.1677,-3.1892,3.644
7.576472,1.9478,0.0428,-2.8574,3.458
7.597135,0.7427,0.5014,-2.7835,2.924
7.617972,0.0897,1.0192,-2.3489,2.562
7.637440,-0.2417,1.7088,-1.2424,2.127
7.657667,-0.1097,1.8455,-1.0216,2.112
7.677352,0.5953,2.1442,-1.3082,2.581
7.697500,1.1677,2.3099,-1.7195,3.107
7.717677,1.3664,2.2026,-1.7828,3.146
7.737850,1.2839,2.1638,-1.7321,3.055
7.757366,0.6999,2.0123,-1.4393,2.571
7.777473,0.0237,1.6271,-1.0484,1.936
7.797512,-0.1514,1.2417,-0.6716,1.420
7.817816,-0.2076,1.0251,-0.1161,1.052
7.837716,-0.3878,0.9195,0.6211,1.175
7.857943,-0.5227,0.7679,1.4291,1.704
7.877750,-0.2721,0.0522,1.9562,1.976
7.897819,0.2092,-1.2963,2.8148,3.106
7.918592,0.6778,-3.0721,4.3110,5.337
7.938589,0.7427,-3.6793,3.7477,5.304
7.959078,0.8070,-1.1093,2.0056,2.430
7.978448,0.7808,2.3908,1.9929,3.209
7.998781,0.9988,4.2972,2.1812,4.921
8.022641,1.4927,3.8185,1.2598,4.289
8.043526,2.9982,1.4636,0.0934,3.338
8.059185,3.5293,-4.9818,-1.6690,6.329
8.079121,1.1873,-10.8520,-3.6368,11.507
8.098999,0.4133,-3.4994,-3.0762,4.678
8.121454,2.1916,3.0664,-1.7130,4.140
8.145054,2.9325,3.1407,-3.0815,5.288
8.160074,1.2839,3.0612,-2.6030,4.218
8.182128,-0.8226,2.9888,0.9585,3.245
8.200357,-0.7610,0.6413,1.1750,1.540
8.220813,-0.8417,-2.7171,-3.4633,4.482
8.240604,-2.0503,-3.3383,-3.0854,4.987
8.260759,-2.2102,-0.9004,-1.2564,2.697
8.280401,-0.7357,0.9936,-0.0489,1.237
8.300539,-0.5094,0.8822,0.9350,1.383
8.328009,0.1673,0.7320,1.5688,1.739
8.340710,1.2663,0.5357,1.2657,1.869
8.360466,1.7523,0.4159,-0.7037,1.934
8.380145,1.6061,0.5006,-1.2113,2.073
8.400295,0.9299,0.6361,-0.1908,1.143
8.420167,0.2257,0.3873,0.2952,0.537
8.442997,-0.1800,0.0062,1.0686,1.084
8.463273,-0.3359,-0.0027,1.4140,1.453
8.483207,-0.9227,-0.1042,1.5995,1.850
8.503237,-1.6631,-0.4664,1.9021,2.569
8.524055,-2.2388,-0.8079,1.6187,2.878
8.543921,-2.5767,-1.2299,1.5649,3.256
8.565430,-2.8873,-1.9067,1.8704,3.933
8.585927,-2.6671,-1.8549,1.3786,3.529
8.603742,-1.7657,-1.1275,1.4346,2.539
8.626220,-0.4543,-1.4037,2.8459,3.206
8.645886,0.0724,-2.8497,3.4647,4.487
8.664687,-1.0686,-5.4118,3.1226,6.339
8.684106,-2.0965,-4.9139,3.6841,6.490
8.704750,-1.4582,-1.7015,4.2657,4.818
8.723740,0.5008,0.7472,2.5687,2.722
8.743680,2.1832,0.9583,-1.6484,2.899
8.763518,1.4432,0.8549,-5.4974,5.748
8.783797,2.0475,1.5803,-4.2394,4.966
8.802705,-0.7822,-0.5643,-0.4763,1.076
8.824786,-2.1145,-2.2625,-0.8316,3.207
8.844007,-0.3048,-1.6440,-3.3182,3.716
8.864841,1.4075,-0.3702,-4.2152,4.459
8.886477,2.0793,0.3664,-2.0879,2.969
8.905065,1.5333,0.2677,-1.8972,2.454
8.923501,0.8164,0.0928,-2.3389,2.479
8.946105,0.3664,0.9058,-2.1193,2.334
8.964098,0.2268,1.5602,-1.8860,2.458
8.985369,0.3047,2.1453,-1.8540,2.852
9.003792,0.4938,2.5863,-1.9491,3.276
9.024343,0.7226,2.5195,-1.7232,3.137
9.044456,0.6593,2.0552,-1.2203,2.479
9.064922,0.4511,1.7331,-0.4421,1.845
9.084965,0.2449,1.5328,0.3633,1.594
9.104219,0.7073,1.2117,0.6111,1.530
9.126292,0.9830,0.7023,0.6884,1.390
9.145693,0.5522,-0.0154,1.1559,1.281
9.164343,0.1730,-0.6611,1.7417,1.871
9.184165,0.7554,-0.4019,1.8897,2.074
9.204445,1.5371,0.0339,2.0575,2.569
9.224125,1.7510,0.1829,2.1671,2.792
9.247167,1.1666,0.1509,1.5671,1.960
9.265661,0.1740,0.6107,1.1985,1.356
9.286732,-0.3414,1.9617,1.5713,2.536
9.304331,-0.0905,2.9063,1.9871,3.522
9.324624,1.7543,-1.2497,1.1327,2.434
9.344593,2.9479,-9.7449,-0.7069,10.206
9.366335,2.6618,-9.0944,-3.2321,10.012
9.385886,3.5071,0.8023,-5.0562,6.206
9.409810,4.0740,3.7784,-4.1624,6.943
9.427317,2.3409,3.4465,-2.9625,5.112
9.449156,-1.5159,2.4999,-3.6256,4.658
9.473459,-3.4739,1.3614,-2.8118,4.672
9.493048,-2.2785,-0.4912,-0.9338,2.511
9.507342,-2.6355,-3.2332,-0.2197,4.177
9.529222,-2.7548,-2.9313,0.8467,4.111
9.550737,-0.2540,0.0434,0.8883,0.925
9.565710,1.2848,1.5291,-0.5044,2.060
9.589039,1.6692,2.2544,-0.2541,2.817
9.610688,0.7649,1.1229,0.0662,1.360
9.629149,-0.2916,-0.0438,-0.0135,0.295
9.650143,-0.0006,0.1818,0.0577,0.191
9.667152,0.5120,0.3907,-0.1069,0.653
9.686151,0.4064,0.4149,0.1390,0.597
9.709794,-0.1116,0.1162,0.9028,0.917
9.731310,-0.8215,-0.2244,1.6004,1.813
9.748739,-1.3746,-0.6893,1.3936,2.075
9.770609,-1.2681,-1.2416,0.6354,1.885
9.790093,-0.8023,-1.0784,0.5711,1.460
9.811592,-0.5494,-0.6694,1.1823,1.466
9.829025,-0.6855,-0.7233,1.3303,1.662
9.850301,-1.1272,-0.6855,1.3851,1.913
9.870110,-2.5453,-1.0899,1.8780,3.346
9.892468,-3.7676,-1.7201,2.3409,4.757
9.909648,-2.9384,-1.6347,2.3724,4.115
9.929874,-1.3170,-1.1111,2.6126,3.130
9.949843,-1.1944,-2.7150,2.8695,4.127
9.969585,-1.6063,-4.3435,3.0353,5.537
9.991788,-1.0053,-2.1039,2.7940,3.639
10.009200,0.4622,0.1004,1.5325,1.604
10.029066,1.9048,0.7162,0.4002,2.074
10.049888,1.8397,0.1645,-2.4373,3.058
10.073485,2.3559,-0.4164,-3.7192,4.422
10.090794,1.2870,-1.9467,-2.7545,3.610
10.109592,-0.8443,-1.8126,-0.5810,2.082
10.130291,-0.5071,-1.8541,-3.1181,3.663
10.150726,1.0531,-0.7708,-5.3595,5.516
10.169257,1.5971,0.7827,-3.3184,3.765
10.188982,1.1298,0.5517,-1.8112,2.205
10.209282,0.4112,-0.0153,-2.0952,2.135
10.229167,0.1109,0.3623,-1.9088,1.946
10.251450,0.2747,1.4029,-2.3562,2.756
10.269590,0.7770,2.7794,-2.4098,3.760
10.289552,1.2838,3.4395,-1.9200,4.143
10.310928,1.5042,3.3371,-1.4748,3.946
10.331483,1.3444,2.6213,-1.1836,3.175
10.349899,0.8821,2.1625,-0.9955,2.539
10.370594,0.4861,1.6952,-0.7688,1.924
10.390208,0.3143,0.9727,-0.2682,1.057
10.411912,0.0768,0.3432,0.5226,0.630
10.431732,-0.6762,0.4884,1.3391,1.578
10.449844,-0.8201,0.8098,1.5800,1.956
10.469788,-0.4380,0.0676,1.6721,1.730
10.493740,0.1334,-1.9244,3.5544,4.044
10.512755,1.0552,-4.2211,3.7391,5.737
10.531110,1.4265,-3.1921,1.4698,3.793
10.554590,0.9671,1.0189,1.2738,1.896
10.572782,0.8438,4.0405,1.6256,4.436
10.595322,1.3996,4.4473,0.8051,4.731
10.611447,2.3358,2.1056,-0.4057,3.171
10.633159,4.0203,-5.1732,-1.4573,6.712
10.654548,2.0091,-12.6813,-2.4579,13.073
10.674855,-1.2189,-4.1998,-2.4528,5.014
10.690968,0.5248,3.7690,-1.9910,4.295
10.710715,1.5098,3.5719,-3.2101,5.034
10.733885,1.3442,3.9632,-3.2490,5.298
10.754746,0.4911,3.5107,-1.4185,3.818
10.771404,-0.6892,0.5886,-0.9279,1.297
10.791121,-0.7023,-2.6273,-1.5268,3.119
10.812946,-0.9051,-2.0457,-1.5755,2.736
10.835451,-1.9719,-1.6493,-1.1807,2.829
10.853566,-2.3166,-1.0426,0.1567,2.545
10.874317,-1.6543,0.1751,1.0388,1.961
10.892559,-0.7905,0.6171,0.5705,1.154
10.912171,-0.1962,0.6941,0.1408,0.735
10.933985,0.4036,0.8695,-0.2242,0.984
10.951768,0.9175,0.9891,0.2474,1.372
10.973187,0.8712,0.7153,0.7153,1.335
10.995004,0.6063,0.4647,1.1377,1.370
11.014286,0.3157,-0.0695,1.3321,1.371
11.034329,0.0629,-0.1223,1.3694,1.376
11.052593,-0.3239,0.2291,1.1734,1.239
11.072940,-0.8152,0.2443,0.7878,1.160
11.092768,-1.2383,-0.3737,0.8280,1.536
11.112965,-1.6481,-1.0830,1.2477,2.334
11.134066,-1.8693,-1.6138,1.4543,2.866
11.155126,-1.5305,-1.3739,1.4081,2.492
11.174473,-1.2694,-0.6798,0.9890,1.747
11.195267,-2.1911,-0.4239,1.3824,2.625
11.213247,-3.4986,-1.2527,1.9940,4.217
11.236890,-3.6777,-2.2469,2.2687,4.870
11.257860,-3.5932,-3.9549,2.1389,5.756
11.274479,-2.9407,-4.5328,1.2782,5.552
11.296418,-1.8864,-2.1751,0.8877,3.013
11.314518,-0.2556,-0.0423,2.0648,2.081
11.337728,1.4736,1.4973,2.7207,3.437
11.356337,2.9871,1.6394,2.1205,4.013
11.377024,2.7414,0.6306,-0.8681,2.944
11.395641,2.1898,-0.4165,-2.9452,3.694
11.414601,-0.3321,-1.5265,-4.1660,4.449
11.435122,-1.8917,-1.5854,-3.0396,3.916
11.456351,-0.3753,-0.9666,-1.2391,1.616
11.477466,0.6855,-0.8842,-2.7070,2.929
11.494732,1.4216,-0.4752,-2.5563,2.963
11.514499,1.2044,-0.2017,-2.6614,2.928
11.535358,0.4975,0.1590,-2.3863,2.443
11.554843,0.2856,0.6113,-2.1932,2.295
11.576545,0.1963,1.2516,-2.4637,2.770
11.595472,0.2924,2.2532,-2.1590,3.134
11.614650,0.8882,2.7920,-1.7348,3.405
11.637128,1.4654,2.6972,-1.5740,3.450
11.656139,1.6908,2.6091,-1.0712,3.288
11.677634,1.3225,2.2684,-0.6172,2.697
11.695029,0.6691,1.8858,-0.3645,2.034
11.715536,0.2652,1.4827,-0.1000,1.510
11.737980,-0.0434,0.8360,0.5002,0.975
11.756720,-0.5562,0.1458,1.1190,1.258
11.777688,-0.7445,-0.0717,1.3720,1.563
11.795968,-0.2785,0.2955,2.1660,2.204
11.817391,0.4586,-0.0476,3.2402,3.273
11.835947,1.3159,-1.2376,3.2631,3.730
11.856037,0.9951,-1.5976,2.3115,2.981
11.876081,0.0809,-0.1922,1.4699,1.485
11.896693,0.1892,1.3253,0.7881,1.553
11.916350,2.1315,0.4700,0.0940,2.185
11.936448,4.9321,-6.7272,-1.1723,8.424
11.957217,4.1020,-12.8226,-2.2949,13.657
11.978805,1.3927,-1.1448,-2.4515,3.043
11.998651,0.7725,7.2482,-0.5864,7.313
12.017331,0.4878,5.7029,-1.9893,6.060
12.036836,0.3334,3.7146,-4.4242,5.786
12.057169,0.0634,1.6642,-3.7172,4.073
12.079702,-0.1265,-1.0210,-3.1505,3.314
12.096997,-1.1160,-2.5603,-1.5762,3.207
12.117132,-2.6353,-2.8280,-0.1068,3.867
12.136828,-2.5830,-1.4848,0.6977,3.060
12.157862,-1.7949,-0.1947,0.6298,1.912
12.177352,-1.4454,0.4875,0.5335,1.616
12.197435,-1.3141,0.7378,0.5288,1.597
12.217138,0.0499,0.6369,0.2119,0.673
12.237576,1.2440,0.4757,0.3023,1.366
12.258414,1.1952,0.7015,0.8737,1.638
12.279783,0.5691,0.8606,0.9751,1.420
12.297572,0.1959,0.7303,0.6924,1.025
12.317829,-0.3278,0.2620,0.5874,0.722
12.337771,-0.5375,0.3488,1.1375,1.306
12.357987,-0.4422,0.4356,1.0494,1.219
12.378198,-0.8488,-0.5025,0.6034,1.156
12.398170,-1.5034,-1.5319,0.4857,2.201
12.418422,-1.8198,-1.2813,0.8832,2.395
12.438245,-1.7981,-0.6241,1.8237,2.636
12.458412,-1.9036,-0.7234,2.5836,3.290
12.478600,-2.3777,-0.9674,2.3328,3.469
12.498857,-2.9521,-0.8030,1.6356,3.469
12.518362,-2.5211,-0.2270,1.1328,2.773
12.539703,-2.1679,-2.2307,0.3589,3.131
12.559019,-2.9557,-5.0346,-0.7121,5.881
12.579926,-2.7835,-2.8675,0.0245,3.996
12.604175,0.0309,-1.4781,1.8251,2.349
12.625379,2.1787,-1.3708,2.8396,3.833
12.639471,3.2166,-0.5697,3.3751,4.697
12.659676,3.5349,0.4623,1.8053,3.996
12.679901,3.0726,0.5501,-0.2366,3.130
12.703291,1.7416,-0.4615,-0.9260,2.026
12.725915,-0.2909,-0.9007,-3.1220,3.262
12.739817,-0.8595,-0.3784,-2.8635,3.014
12.759947,-0.2503,-0.5811,-2.0236,2.120
12.780833,1.7577,-0.7814,-1.4006,2.379
12.800613,2.9217,-0.2730,-2.2122,3.675
12.820467,2.0720,0.3776,-3.0770,3.729
12.840861,0.8095,0.7482,-2.5591,2.786
12.862572,-0.5706,0.6916,-1.7179,1.938
12.880535,-1.6309,0.5529,-1.7199,2.434
12.900334,-1.9356,0.4062,-2.4050,3.114
12.920585,-1.1467,1.2972,-2.3812,2.944
12.942904,-0.2433,2.6201,-2.5768,3.683
12.964092,0.2907,3.7424,-2.0030,4.255
12.984042,0.6602,4.0528,-1.0951,4.250
13.003800,0.9075,3.2951,-0.4973,3.454
13.022378,1.1777,1.9976,0.0157,2.319
13.043795,0.9627,0.6418,1.0455,1.559
13.063597,-0.1730,-0.3005,1.7854,1.819
13.084152,-0.8369,-0.5510,2.3842,2.586
13.104005,-0.1825,-0.9429,3.3428,3.478
13.122404,1.2421,-2.4597,4.4746,5.255
13.144077,2.1439,-3.9459,3.1242,5.471
13.163479,1.9603,-1.9302,0.6212,2.820
13.183839,1.1961,1.7762,-0.0933,2.143
13.203870,0.7212,4.9145,-0.1342,4.969
13.224211,0.7765,4.9756,-0.4843,5.059
13.242785,2.3058,1.3860,-1.2050,2.948
13.263838,3.6022,-7.6754,-2.1867,8.756
13.283309,1.5974,-13.9224,-2.9423,14.319
13.302491,0.0573,-2.1953,-2.4395,3.282
13.323960,1.3182,5.8645,-0.9914,6.092
13.343769,1.6702,4.5250,-3.2752,5.830
13.363821,-0.7191,3.5150,-3.4048,4.946
13.383044,-2.3948,2.0685,-1.3949,3.458
13.403436,-1.3948,-1.7466,-1.5522,2.721
13.424670,-1.4395,-3.4824,-2.4088,4.472
13.443595,-1.7819,-2.7841,-0.4465,3.335
13.463707,-0.7170,-0.4916,2.4184,2.570
13.483691,-0.1755,0.9810,3.0210,3.181
13.504780,-0.5050,1.1918,1.5353,2.008
13.524406,0.0302,1.1106,0.3773,1.173
13.545864,0.3232,0.5274,-1.0319,1.203
13.563904,0.6454,0.5613,-2.6883,2.821
13.584945,1.0699,1.1205,-1.9168,2.465
13.604105,0.5905,0.8166,0.1434,1.018
13.625428,-0.4400,-0.0544,1.6081,1.668
13.643433,-0.7863,-0.2205,1.7803,1.959
13.664313,-0.5345,0.1070,1.0589,1.191
13.684589,-0.1166,0.0227,0.3565,0.376
13.706449,0.1059,-0.7617,-0.0474,0.771
13.723996,0.0302,-1.4781,0.3880,1.528
13.744189,-0.1946,-1.2719,1.1323,1.714
13.764848,-0.5987,-0.7906,1.8829,2.128
13.787028,-1.3981,-0.6531,2.2806,2.754
13.805048,-2.4763,-0.6122,1.7912,3.117
13.826475,-3.3731,-1.3983,0.7506,3.728
13.845216,-3.6019,-2.4971,0.3103,4.394
13.865672,-3.4229,-2.7684,1.6092,4.687
13.886204,-2.6595,-3.2563,3.0604,5.200
13.906140,-2.0873,-4.0090,1.5655,4.783
13.925755,-1.5815,-2.7588,0.9394,3.316
13.945873,0.4248,-0.9422,2.1016,2.342
13.972411,2.3228,0.4047,2.7021,3.586
13.992138,1.9032,0.9401,2.8406,3.546
14.006760,2.1179,1.9539,1.9485,3.478
14.029421,2.3458,0.5927,0.4219,2.456
14.050519,0.5515,-1.6205,-2.7970,3.279
14.071728,-0.3393,-1.7446,-5.9776,6.236
14.092543,0.3477,-1.1939,-5.2701,5.415
14.107269,0.8937,-0.5264,-2.4580,2.668
14.127220,1.3618,-0.4444,-2.6408,3.004
14.147788,1.1127,-0.3539,-2.1187,2.419
14.170213,0.5098,-0.1893,-1.2663,1.378
14.190259,-0.3626,-0.2604,-1.6398,1.699
14.210394,-0.4638,0.5346,-1.7500,1.888
14.230670,0.1188,1.8552,-1.6920,2.514
14.248614,0.9166,2.6493,-2.1281,3.520
14.268003,1.6461,3.0044,-1.7159,3.831
14.290158,1.5899,2.7436,-1.2485,3.408
14.311865,0.8784,2.1266,-0.8365,2.448
14.329137,0.3010,1.7209,-0.4416,1.802
14.348285,-0.1540,1.6557,-0.4626,1.726
14.370590,-0.3852,1.6567,-0.3031,1.728
14.387901,-0.4268,1.5104,-0.0081,1.570
14.412553,-0.5446,1.1568,0.3469,1.325
14.427334,-0.4003,0.7578,0.6785,1.093
14.450601,-0.1892,0.0684,2.0461,2.056
14.467633,0.4530,-0.3230,2.5352,2.596
14.492591,1.4843,-1.2484,2.6915,3.317
14.510530,1.1896,-2.2831,3.4991,4.344
14.529500,1.2415,-0.3948,2.1282,2.495
14.547991,1.2290,2.5875,1.1831,3.099
14.572527,-0.8959,3.8858,1.2698,4.185
14.589124,0.9914,0.9429,0.2202,1.386
14.611016,5.1537,-9.1241,-2.7344,10.830
14.628737,5.3534,-15.6299,-1.6029,16.599
14.652392,2.4012,-1.3906,-1.4837,3.147
14.670801,2.4477,8.2948,-0.5740,8.667
14.690462,1.5409,5.6645,-1.0366,5.961
14.708984,0.4231,4.6144,-2.7161,5.371
14.729945,-0.5151,2.5238,-4.9618,5.591
14.751066,-1.5317,-2.3932,-4.4224,5.256
14.769729,-2.0386,-3.6834,-2.3180,4.806
14.789837,-2.0098,-1.9451,-1.1287,3.016
14.812996,-1.5251,-0.1415,-1.7705,2.341
14.831495,-1.1191,0.5124,-0.7624,1.448
14.851074,-0.9291,0.5399,1.8477,2.137
14.869643,-1.4123,-0.2305,1.3981,2.001
14.890540,-0.8648,-0.1674,0.0555,0.883
14.912375,0.4424,0.9108,-0.3966,1.087
14.933191,0.9859,0.6823,-0.2590,1.227
14.951602,0.9015,0.5275,-0.2200,1.067
14.972906,0.7542,0.5614,-0.0297,0.941
14.990581,0.8947,0.2299,0.8079,1.227
15.012865,0.9893,-0.0049,1.6132,1.892
15.029718,0.3885,-0.1068,1.8202,1.864
15.052944,-0.5371,-0.4266,1.4007,1.560
15.070717,-1.1744,-0.3647,0.8381,1.488
15.092943,-1.4611,0.0139,0.2901,1.490
15.110149,-1.5096,-0.1158,0.1144,1.518
15.133560,-1.1109,-0.6610,0.1530,1.302
15.150870,-0.5234,-0.7700,0.4574,1.037
15.175337,-0.2756,-0.3307,1.1735,1.250
15.194209,-0.5832,-0.3287,1.8889,2.004
15.213602,-1.4082,-1.1004,1.8114,2.545
15.232629,-2.3272,-1.5915,1.6247,3.254
15.251646,-2.4224,-1.5506,2.1491,3.590
15.273032,-1.8376,-3.4771,1.5326,4.221
15.293963,-2.1569,-5.3023,-0.4846,5.745
15.313824,-2.3836,-3.5791,0.3533,4.315
15.331051,-0.0609,-1.9879,3.8402,4.325
15.354231,2.3884,-0.5965,5.6538,6.167
15.372091,2.8736,-0.1233,5.1816,5.926
15.393145,3.4496,0.5414,2.3738,4.222
15.413452,3.1921,0.2616,-0.7903,3.299
15.434573,1.4545,0.2406,-3.7576,4.036
15.451715,-0.1409,-0.7016,-4.4741,4.531
15.472478,-0.2309,-2.0844,-2.9054,3.583
15.494421,0.4836,-2.1170,-3.0650,3.756
15.512435,1.1407,-1.3099,-2.9536,3.426
15.534424,1.1593,-0.7029,-1.7092,2.182
15.553980,0.8878,0.0423,-1.2286,1.516
15.572891,0.0262,0.9391,-2.3111,2.495
15.593015,-0.4850,1.5086,-2.6042,3.048
15.614004,-0.0271,2.1394,-2.0800,2.984
15.632673,0.7549,2.5559,-1.7631,3.195
15.654783,1.0758,3.0590,-1.6963,3.660
15.673864,1.2041,3.3612,-1.5539,3.894
15.694643,0.8809,2.9256,-1.5488,3.425
15.714937,0.1676,2.3619,-1.2725,2.688
15.734057,-0.6963,1.8034,-0.8677,2.119
15.754190,-1.0033,1.5641,-0.6886,1.982
15.774425,-0.7849,1.8281,0.1632,1.996
15.795127,-0.5357,1.6113,1.0194,1.980
15.813111,-0.3948,0.6147,1.6374,1.793
15.833291,-0.1810,-0.2223,2.2794,2.297
15.854028,-0.2425,-1.1991,2.9124,3.159
15.876232,-0.0546,-3.0830,3.4216,4.606
15.895977,0.3456,-3.4583,2.9349,4.549
15.914535,1.0323,-0.0212,2.0392,2.286
15.933988,1.7136,1.8024,1.8631,3.107
15.956227,3.4280,-3.0060,1.2743,4.734
15.973904,4.9100,-11.1304,-1.9478,12.320
15.997319,2.7673,-6.5077,-2.6493,7.552
16.014437,0.6801,4.5257,-3.4538,5.733
16.035451,-0.6916,5.9681,-2.7710,6.616
16.054408,-0.8555,4.7353,-2.4415,5.396
16.075870,-0.5182,2.7391,-1.7243,3.278
16.096178,-0.1737,0.3506,-1.7637,1.807
16.115794,-1.1134,-1.9900,-2.6875,3.525
16.135758,-1.9496,-2.6092,-0.4393,3.287
16.190762,-1.9130,-2.1320,0.5382,2.915
16.191867,-0.9920,-0.2831,-0.2488,1.061
16.201249,-0.1039,1.1523,-1.3453,1.774
16.215615,0.2122,1.5057,-1.2460,1.966
16.235601,0.4246,0.7714,-0.1793,0.899
16.255267,-0.1598,-0.5188,0.5483,0.772
16.280005,-0.6972,-0.5895,0.9538,1.320
16.303223,0.4223,0.7801,1.1358,1.441
16.315405,1.0045,1.2595,0.8632,1.828
16.335439,0.9660,1.1143,1.0127,1.789
16.356302,0.5492,0.3337,0.1296,0.656
16.375824,0.2772,-0.0397,-0.8104,0.857
16.396133,-0.1286,-0.1492,-0.9744,0.994
16.416072,-0.8274,-0.2455,0.5481,1.022
16.436732,-1.0448,-0.0094,2.0161,2.271
16.456052,-0.7064,-0.0234,2.0366,2.156
16.477259,-0.2882,-0.2217,1.3805,1.428
16.496155,0.0126,-0.2689,0.4757,0.547
16.516914,-0.0287,-0.3444,0.2083,0.404
16.536485,-0.6236,-1.1220,1.2800,1.813
16.556841,-1.3004,-2.0361,1.9311,3.093
16.577909,-1.3165,-1.9097,1.1561,2.592
16.596678,-1.1900,-1.3060,1.2599,2.170
16.618186,-1.4647,-1.2790,2.4364,3.117
16.643031,-1.3502,-1.9007,2.4823,3.406
16.663423,-1.7711,-3.6698,0.5824,4.116
16.677116,-2.5729,-3.0733,0.1247,4.010
16.697097,-2.1057,-1.4441,1.5425,2.983
16.717824,-0.2984,-0.6747,1.9549,2.089
16.740895,1.5040,-0.1484,1.5928,2.196
16.764045,1.2352,0.6290,1.8234,2.290
16.778230,1.1380,1.2690,2.5967,3.106
16.798145,0.7987,0.1391,0.1627,0.827
16.817557,-0.6152,-1.3553,-3.7756,4.058
16.837932,-1.0385,-1.2601,-4.5874,4.869
16.857689,-0.7056,-1.3938,-3.0347,3.413
16.878116,0.1204,-1.4804,-3.0096,3.356
16.898221,0.6829,-1.1769,-1.8698,2.312
16.918520,1.0119,-0.1151,-0.5515,1.158
16.938129,1.0872,1.2278,-0.4197,1.693
16.958715,0.6107,1.7423,-1.4382,2.340
16.978682,0.0632,1.9626,-2.6815,3.324
16.999010,-0.1218,2.3543,-2.8750,3.718
17.018348,0.3771,2.3223,-2.6926,3.576
17.039561,0.6664,2.3965,-1.5020,2.906
17.058749,0.7897,2.3680,-0.8439,2.635
17.079723,0.8493,2.3546,-0.0780,2.504
17.099412,0.7090,2.2619,0.3247,2.393
17.119728,0.1425,1.7143,0.1451,1.726
17.139280,-0.6131,0.9160,0.1785,1.117
17.160331,-0.8471,-0.0067,0.9050,1.240
17.179812,-0.5759,-0.9301,1.7607,2.073
17.199789,0.0728,-1.4479,3.2939,3.599
17.220086,0.5014,-1.5817,3.9199,4.257
17.240614,-0.3665,-1.5938,2.6213,3.090
17.259834,-0.9316,0.3772,0.9460,1.380
17.280641,1.2541,0.8831,1.1705,1.929
17.300022,3.1126,-6.2210,0.0794,6.957
17.320778,2.5768,-10.2117,-1.8291,10.689
17.340325,2.2219,0.9420,-3.3143,4.100
17.361107,2.2283,4.8523,-3.8199,6.565
17.380286,1.2153,3.1036,-4.0898,5.276
17.400900,0.5478,2.4228,-3.4775,4.274
17.420222,-0.1457,1.8701,-2.6989,3.287
17.441265,0.0662,1.4349,-1.8627,2.352
17.462765,-0.4395,-0.7669,0.8142,1.202
17.481419,-2.0372,-2.9750,1.6966,3.985
17.503743,-2.1124,-2.5365,0.0201,3.301
17.521274,-0.6626,-0.2082,-0.4683,0.838
17.542532,0.3971,1.7601,-0.4146,1.851
17.561870,0.5038,1.5770,-0.4300,1.710
17.583073,0.1358,0.4812,-1.0759,1.186
17.601758,-1.0506,-0.4500,-1.7657,2.103
17.623732,-1.3626,-0.0956,-1.3045,1.889
17.641747,-0.5473,0.9301,0.7244,1.300
17.663559,-0.6407,0.3838,1.0483,1.287
17.682024,-0.4953,-0.1089,0.3626,0.623
17.703664,0.3247,0.2580,-0.2534,0.486
17.721618,0.7937,0.5315,0.0475,0.956
17.743191,0.5546,0.0656,0.5902,0.813
17.762063,-0.0470,-0.5844,1.0112,1.169
17.784043,-0.5855,-0.8444,1.3595,1.704
17.802376,-0.7728,-0.7937,1.2909,1.701
17.823044,-0.4627,-0.9790,0.9334,1.430
17.841992,-0.0089,-0.8961,0.9487,1.305
17.864845,-0.4788,-0.6826,1.7393,1.929
17.882712,-1.5253,-1.0720,2.4189,3.054
17.903810,-2.1297,-1.5239,1.8503,3.206
17.922528,-2.8124,-1.4684,1.7274,3.612
17.943506,-2.7052,-1.2668,1.8289,3.503
17.962819,-1.3384,-2.9998,0.3633,3.305
17.984146,-0.6155,-4.5464,-0.9330,4.682
18.003281,-0.6964,-3.2072,0.1270,3.284
18.023564,0.5352,-0.6601,2.4975,2.638
18.042972,2.4432,0.8342,3.3375,4.219
18.066083,2.8069,0.7748,2.6475,3.935
18.084080,2.5147,1.0304,1.7630,3.239
18.105942,0.4957,0.7012,-0.4693,0.979
18.125854,-1.7895,0.1739,-3.1456,3.623
18.144085,-1.3772,-0.4136,-3.0977,3.415
18.166850,0.0146,-0.7803,-2.4833,2.603
18.184241,1.1375,-0.9650,-1.8327,2.363
18.206551,2.0296,-0.9182,-1.0064,2.444
18.226761,2.3468,-0.3462,-0.9711,2.563
18.247179,2.0660,0.0457,-2.4389,3.197
18.267087,1.3949,0.7400,-1.9557,2.514
18.286078,0.1060,0.3146,-1.2938,1.336
18.307220,-0.2805,-0.0760,-1.6587,1.684
18.326909,-0.3593,0.5676,-2.0935,2.199
18.347274,-0.2802,1.3013,-2.0211,2.420
18.366285,0.1934,1.6300,-1.7581,2.405
18.387554,0.3217,1.8029,-1.5117,2.375
18.406883,0.1573,2.0876,-1.3191,2.474
18.427663,-0.2271,2.2958,-0.6678,2.402
18.447492,-0.9973,1.3755,0.2912,1.724
18.467834,-1.1577,1.4729,-0.3989,1.915
18.487615,-0.8205,1.5326,0.0416,1.739
18.507931,0.0096,1.0307,0.7741,1.289
18.527392,0.8414,0.7478,0.8130,1.389
18.548127,1.1459,0.3895,1.1620,1.678
18.567561,1.1936,-0.3900,2.0568,2.410
18.588308,1.0687,-1.1963,2.7637,3.196
18.607562,0.3706,-0.8689,2.0827,2.287
18.628678,0.0877,-0.0049,0.8079,0.813
18.648297,1.5325,-2.3322,0.0593,2.791
18.668431,3.7944,-7.9572,0.4084,8.825
18.688157,3.5091,-8.0667,0.7965,8.833
18.708804,1.1980,2.5212,-0.9212,2.939
18.727937,0.0364,5.6909,-2.0168,6.038
18.749186,-0.5712,2.0003,-1.3363,2.472
18.767392,-0.8960,0.8354,-2.2162,2.532
18.790161,-0.0161,1.7228,-3.1356,3.578
18.807336,0.6367,1.8955,-2.9464,3.561
18.829763,0.0797,0.6321,-2.1768,2.268
18.846787,-1.5152,-1.2042,-0.9661,2.163
18.869734,-2.1845,-2.0074,-0.6464,3.036
18.887128,-1.9439,-1.2460,-1.1853,2.595
18.909912,-1.5724,0.0686,-1.0874,1.913
18.927275,-0.9217,0.4778,-1.0752,1.495
18.950546,-0.1676,0.3066,-1.1275,1.180
18.968722,-0.3811,0.2240,-0.9049,1.007
18.988059,-0.9161,0.0358,0.2480,0.950
19.008867,-1.1075,-0.2911,1.1337,1.611
19.032827,-0.4028,0.0738,1.0464,1.124
19.048425,0.5464,0.5483,0.4920,0.917
19.070329,0.7544,0.3628,0.4499,0.950
19.088308,0.5834,0.3053,0.4382,0.791
19.111917,0.2715,0.5476,0.1916,0.641
19.127916,-0.1666,0.5009,0.2293,0.576
19.148305,-0.4955,0.2027,0.3078,0.618
19.168789,-0.6992,0.0402,0.4679,0.842
19.193209,-0.9600,-0.0153,0.7240,1.202
19.211675,-1.0692,-0.3019,0.8248,1.384
19.231629,-1.1347,-0.5264,1.1626,1.708
19.248757,-1.0640,-0.7688,1.3556,1.887
19.274158,-0.7189,-1.2521,1.3823,1.999
19.291155,-0.4143,-0.8850,1.5251,1.811
19.311645,-0.1528,0.0292,1.5429,1.551
19.330735,-0.4556,0.1419,1.4109,1.489
19.351499,-1.0322,-0.6048,1.3922,1.836
19.370725,-1.6901,-1.6180,1.3185,2.686
19.391621,-3.0006,-3.3444,0.9264,4.588
19.410631,-4.1915,-4.6549,0.0279,6.264
19.432428,-3.8312,-3.7575,-0.4933,5.389
19.452510,-1.1626,-1.6388,0.2183,2.021
19.473380,1.0237,0.4467,0.8669,1.414
19.492880,2.5563,1.8688,1.1885,3.382
19.509980,1.6167,1.9256,1.7509,3.064
19.534057,-0.5554,1.7258,1.2482,2.201
19.552219,-2.5264,1.1028,-0.0523,2.757
19.571396,-3.9470,-0.9089,-1.3600,4.273
19.590717,-3.3641,-2.0433,-2.7753,4.816
19.613787,-1.6116,-1.7755,-3.6811,4.393
19.631029,-0.3386,-0.8175,-3.1810,3.302
19.653657,0.1708,-0.0323,-2.9090,2.914
19.675383,-0.0773,0.4196,-2.6020,2.637
19.695684,-0.3393,0.8262,-1.8603,2.064
19.713014,-0.1135,0.8828,-0.8961,1.263
19.731382,0.0592,0.7881,-1.0237,1.293
19.753059,-0.4488,0.6384,-1.1749,1.410
19.771186,-0.9803,0.2486,-0.9116,1.362
19.793150,-0.8406,0.2105,-1.3081,1.569
19.811301,-0.2864,0.2938,-1.7525,1.800
19.834398,0.1357,0.2090,-2.0872,2.102
19.851295,0.3699,0.1922,-1.8846,1.930
19.873851,0.4820,0.3991,-1.4717,1.599
19.892330,0.6773,0.7202,-0.6743,1.197
19.913804,0.6160,0.5012,0.2176,0.823
19.939806,-0.3189,-0.3343,0.6262,0.778
19.963185,-0.9218,-0.5474,0.4481,1.162
19.972055,-0.5723,-0.1569,0.1305,0.608
19.995389,0.0019,0.0227,-0.1851,0.187
20.013918,0.0508,-0.2261,-0.7770,0.811
20.033365,-0.3959,-0.5927,-0.9387,1.179
20.053424,-0.7305,-0.7155,-0.1389,1.032
20.072980,-0.8987,-0.1824,0.0677,0.920
20.093787,-0.9229,0.7664,-0.3950,1.263
20.113482,-0.8729,1.4581,-1.8440,2.508
20.133870,-0.1498,2.3590,-3.5609,4.274
20.153025,1.2319,2.9268,-5.0782,5.989
20.174312,2.5620,1.8618,-5.0841,5.990
20.193702,2.9937,0.0105,-4.2366,5.188
20.214159,3.4744,-1.2693,-2.8751,4.685
20.235748,4.2942,-1.3863,-1.5507,4.771
20.254181,3.7279,-0.6131,-0.6369,3.831
20.273533,2.1618,-0.5456,-0.5074,2.287
20.294559,0.4614,-3.0346,-0.9540,3.214
20.319047,-1.3718,-3.3715,-1.2183,3.838
20.340407,-1.5124,-0.7436,0.5363,1.769
20.354509,-0.9078,0.3164,1.7202,1.971
20.375334,-0.6060,0.4699,2.2762,2.402
20.394489,-1.2251,-0.0969,3.8888,4.078
20.413955,-3.1794,-1.3363,2.3564,4.177
20.435918,-2.7002,-0.5467,-1.0166,2.937
20.453887,-0.2768,1.0462,-4.0745,4.216
20.474835,1.1796,1.3501,-4.2090,4.575
20.494754,0.6906,0.8024,-2.2210,2.460
20.514490,-0.5289,-0.1818,0.1555,0.580
20.534710,-0.5718,-0.8407,1.8625,2.122
20.554248,-0.0972,-0.7667,2.2254,2.356
20.574510,0.1670,-0.4018,1.2498,1.323
20.596975,0.2142,-0.0509,-0.3727,0.433
20.614894,0.1249,0.1313,-1.7445,1.754
20.634447,0.3301,0.1960,-1.4400,1.490
20.655910,0.1562,-0.0245,0.4880,0.513
20.674730,0.1277,-0.0770,0.6290,0.646
20.696380,0.3558,0.0003,-0.0244,0.357
20.716298,0.3950,0.0301,-0.1284,0.416
20.737899,0.5441,-0.0074,-0.4257,0.691
20.757859,0.7304,0.0743,-0.5714,0.930
20.775354,0.6989,0.1224,0.0421,0.711
20.801257,0.3874,0.0085,0.4180,0.570
20.815701,0.1586,-0.1336,-0.2057,0.292
20.835402,0.5151,0.0387,-0.5897,0.784
20.857888,0.8357,0.3544,-0.3005,0.956
20.876145,0.4153,0.3636,0.1086,0.563
20.899009,-0.2461,-0.0337,0.3095,0.397
20.919822,-0.1780,-0.2833,-0.1117,0.353
20.935905,0.6970,0.0496,0.1523,0.715
20.957239,1.1084,0.3437,0.5571,1.287
20.976503,0.8850,0.2974,0.7723,1.212
20.996391,0.6141,0.1352,0.7620,0.988
21.017212,0.3301,0.1251,0.6463,0.736
21.042956,-0.2416,0.0475,0.6361,0.682
21.062661,-0.9509,-0.5178,0.4870,1.187
21.078572,-1.3179,-1.0429,0.2818,1.704
21.097774,-1.2908,-1.0551,0.6850,1.802
21.116731,-0.9005,-0.5732,1.5105,1.850
21.141477,-0.1261,-0.3033,1.7830,1.813
21.163635,0.6271,-0.6284,1.1804,1.477
21.176929,0.5204,-1.4630,0.7208,1.712
21.197211,0.2395,-2.4392,1.3848,2.815
21.217144,0.5838,-2.6014,2.2619,3.496
21.237248,0.8245,-1.5036,1.7931,2.481
21.257173,0.7770,-0.2712,1.2220,1.473
21.277570,0.8585,0.2137,0.6028,1.071
21.298119,0.8687,-0.0596,-0.2094,0.896
21.317639,0.3062,-0.1668,-0.8148,0.886
21.337495,-0.4728,-0.0114,-1.5253,1.597
21.357663,-1.8458,-0.3297,-1.1304,2.189
21.377743,-2.4215,-0.4797,-1.0714,2.691
21.398323,-1.5088,-0.2306,-2.0122,2.526
21.418650,-0.1566,-0.0611,-3.4841,3.488
21.438713,1.0637,0.5816,-2.6612,2.924
21.458631,1.6180,1.2782,-1.3940,2.489
21.478413,1.1754,1.2909,-1.2521,2.148
21.499061,0.3824,0.8278,-0.7933,1.209
21.519091,0.2818,0.6922,-0.3484,0.825
21.539527,0.8385,1.0432,-0.3840,1.392
21.559471,0.9200,1.0403,-0.6104,1.517
21.579256,0.5530,1.0218,-0.2437,1.187
21.599633,0.4709,1.0293,0.1625,1.144
21.619933,0.6799,0.5762,0.4157,0.983
21.639586,0.7249,0.0493,0.3828,0.821
21.660088,0.3557,0.3608,0.3078,0.593
21.686787,0.1689,0.7495,0.1522,0.783
21.706673,0.3555,0.8190,-0.0375,0.894
21.719827,0.3270,1.0143,0.3479,1.121
21.740902,0.3333,1.1079,0.6604,1.332
21.760654,0.7632,1.0282,0.3312,1.323
21.780225,1.1299,0.9510,0.3720,1.523
21.802247,0.7418,0.9444,0.8046,1.445
21.826016,0.0599,1.2023,0.9669,1.544
21.840898,-0.2470,1.4957,1.4550,2.101
21.860620,-0.1223,1.0045,2.3607,2.568
21.880632,1.4820,-3.8045,2.2989,4.686
21.901067,3.4022,-12.7424,-0.3181,13.193
21.921109,1.3265,-8.6086,-2.0581,8.950
21.941006,4.2965,4.8357,-3.1259,7.184
21.960746,5.9380,7.3211,-3.2038,9.956
21.983932,4.2959,6.0355,-3.1946,8.068
22.000775,1.2208,3.4648,-3.5141,5.084
22.022807,-3.4026,-1.7465,-3.9393,5.491
22.041340,-5.2854,-5.7035,-2.8661,8.287
22.062074,-3.5854,-3.6337,-0.3331,5.116
22.081021,-0.4330,-0.1591,1.3192,1.398
22.102536,1.4663,1.2079,0.3356,1.929
22.121258,2.0497,1.1105,-0.7276,2.442
22.148176,1.5353,1.1606,-0.7651,2.071
22.171300,0.8509,0.6612,-0.4685,1.175
22.181198,0.4395,-0.0163,-0.7225,0.846
22.203324,0.0969,-0.2797,-0.5027,0.583
22.224214,0.0479,0.0360,-0.3147,0.320
22.242001,0.4738,0.5278,0.0494,0.711
22.264102,0.4776,0.5457,0.1365,0.738
22.281789,0.0512,0.1792,0.1466,0.237
22.302443,-0.1528,-0.1069,0.5054,0.539
22.322440,-0.0313,0.1049,1.2960,1.301
22.343929,0.2719,-0.1507,-0.3347,0.457
22.364055,0.7467,-0.0358,-0.3576,0.829
22.383866,0.7288,0.3934,0.7752,1.134
22.402666,0.2969,0.4656,0.7077,0.898
22.423009,-0.2174,0.1484,-0.2918,0.393
22.442489,-0.4641,-0.5324,-1.0910,1.300
22.463744,-0.6003,-0.9162,-0.1628,1.107
22.486374,-1.0881,-0.9828,1.2923,1.954
22.510695,-1.7149,-1.3195,1.8755,2.863
22.530388,-1.9970,-1.4920,1.9667,3.175
22.544056,-1.8375,-1.1758,2.3990,3.243
22.563898,-2.1315,-2.1114,2.2338,3.740
22.584410,-2.7014,-4.2259,0.4177,5.033
22.608806,-2.2838,-3.7614,-0.9382,4.499
22.631836,0.1587,-1.8894,0.1927,1.906
22.645103,1.7886,-1.0716,1.9986,2.888
22.666471,1.7378,-0.1139,2.8499,3.340
22.686573,1.4587,0.8792,2.6126,3.119
22.704952,1.5347,1.7325,1.8371,2.955
22.727071,1.0861,1.7996,1.2746,2.458
22.749455,-0.3481,0.8398,-0.7223,1.161
22.766458,-1.6930,-0.8062,-3.3108,3.805
22.785776,-1.5213,-1.8924,-3.8856,4.582
22.807270,0.0330,-1.8644,-2.4203,3.055
22.829941,2.3327,-0.9563,-1.7704,3.081
22.847040,3.0438,-0.1578,-1.5225,3.407
22.872847,2.2511,0.2093,-3.0823,3.823
22.894808,0.9021,0.7168,-1.6287,1.995
22.906872,-0.1638,0.5645,-0.8242,1.012
22.926456,-0.5949,0.4510,-1.4860,1.663
22.946778,-0.8400,0.9494,-1.6622,2.090
22.970637,-0.2096,1.5291,-1.8048,2.375
22.992646,0.8650,2.3184,-1.9967,3.180
23.007533,1.3495,2.7470,-1.5899,3.449
23.028982,1.2902,2.8718,-1.4197,3.454
23.047941,0.8449,2.7664,-1.0656,3.083
23.070684,0.3173,2.1664,-0.3372,2.215
23.088123,-0.1893,1.3577,0.1517,1.379
23.111451,-0.4729,0.7451,0.1749,0.900
23.126348,-0.0871,-0.1146,0.9864,0.997
23.148818,0.2836,-1.3092,2.3735,2.725
23.168023,0.6694,-2.5870,3.5378,4.434
23.189828,0.4195,-3.4652,3.2214,4.750
23.208288,-0.2511,-2.0389,1.2626,2.411
23.228899,-0.3309,2.1279,0.7706,2.287
23.247962,0.0214,5.2825,1.3967,5.464
23.271541,1.7497,3.3259,1.2729,3.968
23.287866,4.7391,-6.0498,-1.0168,7.752
23.309867,4.5388,-14.1190,-3.8145,15.313
23.327739,1.4439,-2.9581,-5.5314,6.437
23.347594,2.6054,5.6397,-3.4817,7.122
23.367542,2.9835,4.8241,-5.4348,7.856
23.394549,1.1233,3.9034,-5.4268,6.779
23.407283,-1.2502,2.4307,-2.9849,4.047
23.429987,-1.5077,0.3310,-0.7767,1.728
23.448148,-0.9866,-2.5512,0.7278,2.830
23.473720,-2.4869,-5.1971,1.2242,5.890
23.487773,-1.6602,-2.5804,1.8078,3.561
23.512147,0.5060,1.5531,1.5864,2.277
23.527842,0.3405,1.9187,0.2228,1.961
23.550572,0.2189,1.2894,-0.7900,1.528
23.571909,1.0474,1.2181,-0.9990,1.892
23.591378,1.2637,0.9145,-1.8735,2.438
23.612135,1.1770,0.5603,-1.2384,1.798
23.632915,0.5485,-0.0499,0.2981,0.626
23.648038,-0.2546,-0.1231,1.0914,1.127
23.673887,-0.4193,0.2475,1.0184,1.129
23.688010,0.0288,0.3475,0.4578,0.575
23.713669,0.2046,-0.3801,-0.0013,0.432
23.734993,0.0896,-1.0520,-0.2402,1.083
23.750962,0.1704,-1.5101,-0.0052,1.520
23.773813,-0.2303,-1.7155,1.0944,2.048
23.794158,-1.5263,-1.4429,2.3931,3.184
23.813649,-3.0152,-1.7854,2.6260,4.379
23.833924,-3.1846,-2.2113,2.0809,4.400
23.853738,-2.2256,-1.6804,1.6792,3.255
23.871936,-1.2879,-0.6818,1.7406,2.270
23.893095,-1.7313,-2.0486,0.3998,2.712
23.914632,-2.7608,-2.7979,-1.3533,4.157
23.933517,-1.0958,-1.6343,0.0059,1.968
23.951692,2.1876,-0.4315,2.2684,3.181
23.973151,3.2729,0.3786,1.9764,3.842
23.992924,3.9815,0.7927,1.4635,4.315
24.014183,3.4713,1.3205,1.0489,3.859
24.033047,2.6562,1.2352,0.4528,2.964
24.051374,0.2580,0.1138,-1.7307,1.754
24.073990,-1.6669,-0.6110,-3.9988,4.375
24.094361,-1.2702,-1.6130,-2.9271,3.575
24.111317,0.6861,-1.7736,-1.0606,2.177
24.133711,1.1885,-1.3072,-2.7315,3.253
24.152731,0.9258,-0.3300,-4.2772,4.389
24.172053,0.6043,0.6808,-2.0522,2.245
24.193019,-0.1384,0.8764,-1.4117,1.667
24.213720,-0.9539,0.7550,-2.4021,2.693
24.231124,-1.0405,0.7809,-2.2015,2.557
24.257274,-0.3495,1.2375,-1.7764,2.193
24.280105,0.3842,1.6976,-1.7476,2.467
24.291570,0.9958,2.3420,-1.6477,3.032
24.313824,1.3431,2.3715,-1.4829,3.103
24.331620,1.5079,2.1424,-1.0809,2.834
24.353530,1.4322,2.0360,-0.5319,2.545
24.373589,1.1639,1.5181,0.0877,1.915
24.395881,0.6436,0.8131,0.6741,1.237
24.412423,0.2206,0.4189,0.8733,0.993
24.434274,0.1052,-0.0039,0.9986,1.004
24.452907,-0.1488,-1.2873,2.0033,2.386
24.476808,-0.0766,-1.9560,3.1916,3.744
24.493871,0.2735,-1.4834,3.6907,3.987
24.514444,0.5045,-0.3220,2.3564,2.431
24.533260,0.4811,1.4993,1.3130,2.050
24.554740,1.1293,2.5327,1.4565,3.132
24.574086,3.0902,-1.1074,0.7633,3.370
24.592999,4.6968,-9.6697,-1.3606,10.836
24.619611,2.9571,-9.1789,-4.5378,10.658
24.643034,2.1870,2.8401,-4.8551,6.035
24.652938,3.0244,5.8946,-3.6970,7.587
24.675604,1.5604,4.6781,-5.1908,7.160
24.694063,-0.6188,4.0805,-3.2246,5.237
24.713681,-1.6603,1.4325,-1.4783,2.645
24.734008,-2.4495,-2.3016,-3.3956,4.778
24.753273,-3.1293,-3.3163,-3.5823,5.799
24.774191,-2.7394,-3.0655,-0.0877,4.112
24.794275,-0.9140,-0.8346,2.4242,2.722
24.814465,0.5345,0.7452,1.0491,1.393
24.834430,0.5267,0.8790,0.0626,1.027
24.853589,-0.1387,1.0975,1.8911,2.191
24.875401,0.4757,0.4593,0.7938,1.033
24.894683,0.5699,0.5122,-1.0066,1.265
24.914919,0.7801,0.6309,-0.6739,1.209
24.934030,0.7358,0.4469,0.5358,1.014
24.956676,0.3586,-0.0499,0.8899,0.961
24.975118,-0.6228,-0.3376,0.4256,0.826
24.994793,-1.4156,0.0520,-0.2019,1.431
25.014862,-0.5637,0.2335,0.1276,0.623
25.034628,1.0181,0.3836,0.9082,1.417
25.054567,0.7208,-0.5182,0.5372,1.038
25.081099,-0.4322,-1.7753,0.7217,1.965
25.106881,-0.4910,-1.2201,1.7680,2.204
25.115967,-0.0596,-0.5937,3.0348,3.093
25.135365,-0.8073,-0.9520,2.3263,2.640
25.154832,-2.0052,-0.7772,1.4087,2.571
25.180281,-2.4782,-1.2293,0.5990,2.830
25.201971,-2.3773,-3.9787,-1.8422,4.987
25.216501,-3.1340,-5.0730,-1.9457,6.272
25.235678,-1.9510,-3.1637,1.4585,3.993
25.256346,0.3570,-1.5544,2.1442,2.672
25.277725,1.4498,0.0993,1.2622,1.925
25.295774,0.8049,1.1695,0.5526,1.523
25.318161,1.2596,2.0707,0.6518,2.510
25.336681,3.2535,1.8417,0.5496,3.779
25.356065,0.8623,0.4807,-1.2760,1.613
25.376799,-1.3383,-0.6167,-3.5022,3.800
25.395996,-0.6502,-1.3632,-4.2260,4.488
25.416166,-0.2766,-1.6275,-5.4871,5.730
25.436548,0.5336,-0.7300,-2.7377,2.883
25.456019,1.1049,0.4160,-1.7144,2.082
25.477296,0.4589,0.9363,-2.0088,2.263
25.496666,-0.3544,0.7572,-3.0876,3.199
25.519451,-0.7320,0.8972,-1.8423,2.176
25.536887,-0.4256,0.6019,-1.5990,1.761
25.556839,-0.4270,0.7207,-1.3064,1.552
25.576881,-0.2035,1.1172,-1.0437,1.542
25.597815,0.7409,1.9713,-1.1682,2.408
25.617540,1.4332,2.4630,-1.2061,3.094
25.639862,1.4322,2.3100,-0.7059,2.808
25.657228,0.9480,1.9648,-0.3573,2.211
25.679105,0.5718,1.0181,-0.0869,1.171
25.697414,0.1687,0.0919,0.6303,0.659
25.717906,0.0473,-0.4299,1.5430,1.602
25.737604,0.0295,-0.7925,2.6290,2.746
25.757928,-0.0380,-1.1375,3.8243,3.990
25.777789,0.2891,-1.3304,3.9433,4.172
25.797560,0.4775,-0.5771,1.9894,2.126
25.818629,0.3029,0.1412,0.5264,0.624
25.837764,0.0383,1.0787,-0.1529,1.090
25.858294,0.7450,2.7050,-1.0106,2.982
25.878314,1.9789,1.8675,-1.1289,2.946
25.898346,1.6517,-4.4644,-1.8175,5.095
25.918870,-0.9935,-9.1966,-0.9398,9.298
25.938656,-0.5538,-3.6335,-2.9731,4.727
25.963406,1.7212,1.9835,-2.3236,3.507
25.980693,1.9871,3.0076,-1.4443,3.883
25.999231,1.6901,3.9752,-0.5342,4.352
26.019263,2.2791,3.4682,-0.2779,4.159
26.039174,2.1591,1.5499,-2.5329,3.671
26.058722,1.2446,-0.1930,-3.0058,3.259
26.079401,-0.2238,-1.2507,-1.8708,2.261
26.099002,-1.3671,-1.5567,-2.5128,3.257
26.119969,-2.2438,-1.9106,-2.0624,3.597
26.139917,-1.4567,-0.5071,0.2614,1.564
26.160198,-0.6407,0.9772,1.6456,2.018
26.185456,-0.4721,0.7884,0.3222,0.974
26.207434,0.0036,0.8626,0.2268,0.892
26.221718,0.1793,0.5891,-1.0781,1.242
26.240241,0.4853,0.7179,-1.0444,1.357
26.259564,0.6653,0.6919,-0.1481,0.971
26.281618,0.3938,0.3485,0.6293,0.820
26.303896,-0.2795,-0.1940,0.9433,1.003
26.320264,-0.6732,-0.7491,0.4541,1.105
26.340960,-0.6409,-1.0023,-0.0346,1.190
26.360903,-0.6996,-1.1963,0.4903,1.470
26.380291,-0.8050,-1.2395,1.6344,2.204
26.400469,-0.8171,-1.0221,2.3433,2.684
26.421081,-0.9951,-0.7839,2.7500,3.028
26.441100,-1.5221,-1.0695,1.9861,2.721
26.461214,-1.9267,-1.5914,0.2608,2.512
26.481118,-2.1116,-1.3806,0.7812,2.641
26.503825,-1.9725,-1.5754,1.6865,3.036
26.521706,-1.4399,-2.9374,0.8570,3.382
26.547739,-1.6264,-3.2261,0.1139,3.615
26.568444,-1.4429,-1.4440,1.0386,2.290
26.581627,0.4954,-0.1446,1.6464,1.725
26.601132,1.6390,0.5727,1.6389,2.388
26.625170,2.1579,0.9583,1.5955,2.850
26.641656,2.3878,-0.0782,0.8889,2.549
26.663789,1.0222,-1.3817,-1.6571,2.387
26.681739,-0.8924,-1.3448,-4.6782,4.949
26.703190,-0.2754,-0.6143,-4.7203,4.768
26.722142,0.8523,-0.0316,-2.7639,2.893
26.743785,1.2959,-0.2173,-2.6198,2.931
26.762203,1.0679,-0.2336,-3.3513,3.525
26.784215,0.3014,0.2153,-1.4498,1.496
26.802808,-0.1176,0.4828,-0.7182,0.873
26.824141,-0.1967,0.7648,-1.7496,1.920
26.842567,-0.5813,1.1869,-2.2777,2.633
26.865320,-0.2970,1.6007,-2.0893,2.649
26.882830,0.5833,1.9660,-1.8713,2.776
26.903924,0.9651,2.2994,-1.5702,2.947
26.923009,0.9467,2.2995,-1.0449,2.697
26.946110,0.8511,2.0563,-0.6419,2.316
26.963545,0.5812,1.7244,-0.3870,1.860
26.984046,0.1823,1.2703,-0.2107,1.301
27.003404,-0.2701,1.0414,0.0041,1.076
27.026054,-0.6844,-0.0512,1.1603,1.348
27.043554,-0.7228,-1.2082,1.5199,2.072
27.066141,-0.1664,-1.3648,2.2048,2.598
27.091690,0.8562,-1.4062,3.6806,4.032
27.112550,1.4763,-1.6268,3.4553,4.095
27.125281,0.8898,-0.9181,1.6091,2.055
27.145740,0.6974,0.8507,0.7732,1.345
27.166722,1.2762,2.6247,0.8193,3.031
27.186159,1.7370,3.4332,0.1949,3.853
27.207448,2.0306,2.2565,-0.4873,3.075
27.230147,2.1066,-3.3008,-1.5265,4.203
27.246057,0.7067,-11.0863,-1.7804,11.251
27.266062,-2.2925,-6.4313,-2.4166,7.243
27.286778,0.6703,2.4358,-2.5992,3.625
27.307230,3.1993,4.0035,-3.5772,6.250
27.327143,2.5688,4.9601,-2.8716,6.281
27.347309,1.8439,4.3843,0.0996,4.757
27.366626,0.6967,0.5498,-1.3311,1.600
27.387429,0.0050,-2.0396,-3.4379,3.997
27.407322,-0.8094,-1.5075,-2.5285,3.053
27.426200,-1.8366,-1.0960,-2.2805,3.126
27.446818,-2.6096,-1.0597,-0.2194,2.825
27.470259,-3.0180,-0.9713,2.4716,4.020
27.489687,-1.5044,0.1328,1.3713,2.040
27.507507,0.4306,1.0150,-0.7363,1.326
27.526898,0.9134,1.2563,-0.7902,1.743
27.547868,0.8113,1.1464,-1.4029,1.985
27.565839,0.6170,0.7941,-1.0739,1.471
27.586708,0.1794,0.6055,0.1325,0.645
27.606186,0.0785,0.4172,0.8757,0.973
27.628793,0.0824,-0.1658,1.4255,1.437
27.647217,-0.3571,-0.4479,1.5050,1.610
27.667157,-0.2914,-0.6344,0.7812,1.048
27.686079,-0.0611,-0.9132,0.2704,0.954
27.709104,-0.2739,-1.1747,0.7862,1.440
27.726931,-0.6749,-1.2828,1.8437,2.345
27.749170,-0.7872,-1.2257,2.2064,2.644
27.766382,-1.1996,-0.9240,1.5845,2.192
27.788263,-2.0658,-1.0930,1.0691,2.570
27.806553,-3.0445,-2.7567,1.3811,4.333
27.832200,-3.5866,-5.5377,1.1336,6.694
27.851190,-3.0514,-5.6967,0.0165,6.463
27.869634,-0.6668,-2.5037,0.9692,2.766
27.887053,1.9012,0.5616,3.4648,3.992
27.910023,3.3688,1.6829,3.9437,5.453
27.927701,2.7937,1.1574,3.0134,4.269
27.951713,1.4683,1.2370,-0.5849,2.007
27.967370,-0.2232,0.4599,-4.0808,4.113
27.992142,-1.7670,-0.8567,-5.7353,6.062
28.010904,-1.9485,-1.0853,-3.9620,4.547
28.029227,-0.7177,-0.8691,-2.3830,2.636
28.050158,1.1789,-0.4486,-2.5473,2.843
28.069449,2.0201,-0.2784,-2.9217,3.563
28.090140,1.5175,0.3774,-1.2896,2.027
28.113355,0.5773,0.9827,-0.4842,1.238
28.133906,0.3161,1.5961,-1.3234,2.097
28.150816,0.4004,1.6853,-2.0127,2.655
28.168099,0.2472,1.4112,-1.4886,2.066
28.193401,0.2211,1.2739,-1.0694,1.678
28.208073,0.6034,1.3156,-1.4008,2.014
28.233456,0.8090,1.3450,-1.3893,2.096
28.253006,0.6343,1.5174,-0.9138,1.881
28.273500,0.2116,1.6287,-0.6470,1.765
28.292894,-0.3634,1.0072,-0.3172,1.117
28.308827,-0.6771,0.7023,0.3278,1.029
28.330839,-0.8539,0.7019,0.9893,1.483
28.351871,-0.8435,0.9429,1.4670,1.937
28.370802,-0.6546,1.1370,1.4617,1.964
28.391735,-0.1391,0.7410,1.3544,1.550
28.411274,0.5651,-0.2785,1.9730,2.071
28.432437,1.2097,-1.1674,2.4129,2.941
28.452873,1.6266,-0.9717,1.4661,2.396
28.474957,1.4063,0.4187,0.9790,1.764
28.493644,0.6325,2.1248,1.4842,2.668
28.510791,0.9013,3.1161,1.5753,3.606
28.531263,1.6118,2.2385,-0.0773,2.759
28.554479,2.4699,-0.8742,-1.2217,2.891
28.573473,2.2977,-7.9107,-0.2609,8.242
28.594207,0.3177,-14.6653,-1.5922,14.755
28.610539,0.5516,-5.5849,-5.1030,7.585
28.630659,3.1154,4.4661,-1.6373,5.686
28.651144,3.3056,6.0585,0.2407,6.906
28.670639,2.3677,7.7502,0.3791,8.113
28.693661,2.1514,5.8823,-0.5974,6.292
28.715403,2.9445,1.4935,-4.2420,5.375
28.731932,-0.3232,-3.7499,-7.6772,8.550
28.753720,-4.2545,-5.9748,-5.7843,9.341
28.773043,-3.3926,-3.2004,0.5049,4.691
28.796497,-1.9608,0.5492,6.5187,6.829
28.813517,-1.4386,0.8645,4.2542,4.573
28.831955,-0.2052,0.5950,-1.0559,1.229
28.851651,1.2571,1.1908,-1.6393,2.384
28.871985,1.4613,1.1879,-2.1284,2.842
28.893631,1.1549,0.9493,-1.2532,1.951
28.914712,0.5230,0.5562,0.1803,0.785
28.933601,0.1286,0.4432,1.0909,1.184
28.952607,0.1137,0.5232,1.1017,1.225
28.973500,0.1437,0.3673,0.9997,1.075
28.996261,-0.2654,-0.2349,0.8665,0.936
29.012553,-0.9062,-0.7797,0.3932,1.259
29.032691,-1.1991,-0.9924,0.2420,1.575
29.054067,-0.9973,-0.9764,0.7121,1.567
29.076297,-0.6794,-0.6515,1.1538,1.489
29.093524,-0.6317,-0.6667,1.8404,2.057
29.114694,-1.1823,-1.3568,2.1119,2.775
29.133646,-2.1041,-1.3746,1.8300,3.109
29.156106,-2.2815,-0.9902,1.6418,2.980
29.173885,-2.3826,-2.2102,1.2528,3.483
29.193221,-3.1344,-4.4059,-0.3366,5.417
29.214063,-3.6062,-3.5151,-0.6650,5.080
29.234277,-1.0891,-1.6147,1.1800,2.277
29.253472,1.5492,0.0312,2.8179,3.216
29.276261,1.9840,0.5733,2.8276,3.501
29.293760,2.0880,0.9593,2.8311,3.646
29.313570,2.0502,1.0310,1.0895,2.540
29.335277,0.6403,-0.3887,0.5722,0.943
29.356875,-0.5654,-1.4645,-2.1978,2.701
29.374809,-0.7048,-1.5078,-5.4354,5.685
29.394942,0.3529,-1.0689,-4.0297,4.184
29.414598,1.6104,-0.4006,-2.1954,2.752
29.434849,2.1336,-0.0260,-2.4552,3.253
29.455014,1.7053,0.0640,-2.1211,2.722
29.476235,0.7946,0.0559,-1.2562,1.487
29.495771,-0.4109,0.3147,-0.5964,0.790
29.515506,-0.7452,0.9986,-1.2480,1.763
29.535442,-0.1762,1.5256,-2.1267,2.623
29.555808,0.1219,1.4555,-2.5938,2.977
29.575839,0.1578,1.6133,-1.9023,2.499
29.595953,0.3148,2.0171,-1.5989,2.593
29.614858,0.4895,2.0496,-1.4809,2.576
29.637656,0.2814,1.8370,-1.0944,2.157
29.657214,0.0882,1.5842,-0.6351,1.709
29.675632,-0.0515,1.0855,-0.1419,1.096
29.695260,-0.5448,0.3266,0.4649,0.787
29.717308,-0.8127,0.1967,0.8781,1.213
29.737432,-0.8729,0.4853,1.0101,1.421
29.756330,-0.4400,0.6737,1.3210,1.547
29.775643,-0.1145,0.3223,1.5920,1.628
29.797901,0.0468,-0.5206,2.0890,2.153
29.816105,0.5946,-1.4901,2.2489,2.763
29.836720,1.0856,-0.9370,2.1701,2.601
29.856142,0.9685,0.6967,2.6202,2.879
29.876361,1.0408,2.1514,2.8147,3.692
29.896264,1.5317,2.5549,1.8758,3.520
29.916536,2.4825,0.0419,-0.3100,2.502
29.936571,3.6750,-6.4924,-1.1721,7.552
29.956503,1.6263,-10.6168,-3.0451,11.164
29.977498,0.7998,-2.1990,-5.0912,5.603
29.996728,2.3790,5.2455,-3.8734,6.941
30.018995,2.5416,4.9487,-4.7136,7.292
30.036977,0.0117,3.9278,-3.8861,5.525
30.056963,-2.8532,3.1669,-0.4383,4.285
30.079313,-3.7550,0.2896,1.3502,4.001
30.096913,-2.9276,-2.7874,-1.9839,4.503
30.117010,-1.3532,-4.0191,-2.5092,4.928
30.137648,-0.0499,-2.7665,-0.4620,2.805
30.157394,0.0014,0.2212,0.6300,0.668
30.177574,0.1082,1.6914,1.9103,2.554
30.197743,0.9040,1.8398,1.8627,2.770
30.219033,0.6967,0.7138,0.1948,1.016
30.238011,-0.0861,-0.3868,-2.2105,2.246
30.258360,0.4661,0.2419,-2.7465,2.796
30.278218,1.3923,1.3667,-0.8188,2.116
30.298127,0.6062,1.2718,1.0766,1.773
30.317994,-0.7332,0.6409,1.6723,1.935
30.338457,-0.8571,0.0503,1.0676,1.370
30.358648,-0.2996,-0.3567,0.1698,0.496
30.378357,-0.0114,-0.5944,0.0017,0.594
30.398741,-0.2942,-1.2172,0.4802,1.341
30.418291,-1.0044,-1.5007,1.1032,2.116
30.439111,-1.7836,-1.1267,1.7186,2.721
30.458755,-1.7681,-1.0117,2.4801,3.210
30.479259,-2.1783,-1.6247,2.6800,3.817
30.498400,-2.6905,-1.9265,2.4139,4.096
30.518856,-2.5037,-2.9450,1.4982,4.146
30.539708,-2.4415,-4.5524,0.1490,5.168
30.559618,-2.5509,-3.8885,0.2552,4.658
30.579948,-1.2170,-1.9301,2.0868,3.092
30.599457,0.8662,-0.2706,3.9437,4.047
30.619456,1.6763,0.8565,3.2487,3.755
30.640129,2.3784,1.7723,1.3037,3.240
30.660462,2.8251,1.4828,-0.3882,3.214
30.680188,1.4187,0.6677,-2.3541,2.828
30.700210,-1.4529,-0.5976,-5.2382,5.469
30.720461,-1.7272,-1.4377,-3.5951,4.240
30.740765,0.0397,-1.9875,-2.6396,3.304
30.760576,1.6961,-1.6684,-3.0714,3.885
30.780249,2.8777,-0.6019,-2.1099,3.619
30.800438,2.2931,0.0316,-2.6285,3.488
30.820546,0.6240,0.0590,-1.9849,2.082
30.841335,-0.6691,0.3400,-1.3593,1.553
30.860820,-1.3306,0.3575,-1.7205,2.204
30.880836,-1.0578,1.2256,-1.5634,2.251
30.901094,0.1705,2.2362,-1.7019,2.815
30.920986,1.1931,2.4962,-1.7184,3.257
30.941353,1.4688,2.4724,-1.4735,3.231
30.961132,0.8897,2.2920,-1.1198,2.702
30.981438,0.4285,1.7474,-0.6002,1.897
31.004171,-0.3441,0.9728,-0.2580,1.064
31.024413,-0.8792,0.4809,-0.2360,1.030
31.042349,-1.0127,0.6941,-0.0426,1.228
31.063729,-0.6884,1.1167,0.6011,1.443
31.081404,-0.4540,1.1680,1.1993,1.735
31.104183,-0.2196,0.9315,1.3533,1.658
31.122116,0.1127,0.4500,1.6963,1.759
31.144101,0.1668,-0.5552,2.4240,2.492
31.161759,0.4664,-1.3819,2.2576,2.688
31.184267,1.1164,-1.0266,1.8128,2.364
31.202364,1.2556,0.3395,1.7162,2.153
31.223188,1.1663,1.4615,1.8374,2.622
31.241898,1.2816,0.8983,0.7061,1.717
31.264255,2.5549,-2.2402,-0.5136,3.437
31.282402,2.7290,-7.4491,-0.8972,7.984
31.302709,0.1726,-8.0219,-2.4197,8.381
31.322700,0.6101,0.4756,-4.1117,4.184
31.346115,2.4318,4.3108,-3.4057,6.008
31.366369,2.2231,4.4887,-1.8286,5.332
31.384007,0.3908,4.5614,-0.2251,4.584
31.403002,-0.2009,2.9330,-0.0792,2.941
31.424043,-0.3573,-0.8302,-2.8330,2.974
31.443013,-2.1042,-2.8953,-4.2175,5.532
31.463583,-3.4412,-2.8947,-2.2108,5.011
31.482885,-2.6742,-2.1487,-0.2602,3.440
31.504494,-2.2065,-0.5048,2.4384,3.327
31.522917,-1.7475,0.2617,1.8539,2.561
31.546361,-0.4208,0.6679,-0.1668,0.807
31.566676,0.2398,0.8412,-1.2271,1.507
31.584039,0.4466,1.1393,-0.8498,1.490
31.603267,1.1015,1.0633,1.1056,1.888
31.626693,1.2431,0.5507,1.6898,2.169
31.646585,1.0112,0.1863,1.5676,1.875
31.664927,0.4463,0.4191,1.2420,1.385
31.689800,-0.2301,0.5646,0.3834,0.720
31.710788,-0.5521,0.3006,-0.7789,1.001
31.725738,-0.6810,-0.0613,-1.3493,1.513
31.746054,-0.8733,-0.8402,-0.7328,1.416
31.767194,-1.3696,-1.5665,0.5960,2.164
31.788714,-1.6131,-1.2109,2.0709,2.891
31.807728,-1.8160,-1.1366,2.4521,3.256
31.828024,-1.8622,-1.2086,2.3353,3.222
31.846389,-2.3040,-1.3557,2.0225,3.352
31.865668,-2.6379,-1.9311,1.7668,3.716
31.887361,-2.7620,-3.8506,0.6964,4.790
31.909857,-3.2193,-4.3073,-0.6281,5.414
31.927464,-2.0463,-2.4039,0.0335,3.157
31.948239,0.9824,-0.7919,2.5130,2.812
31.967441,2.8080,0.1067,3.7792,4.709
31.988455,3.0752,0.4182,4.0736,5.121
32.007934,3.7876,1.1552,2.0904,4.478
32.029622,3.6417,0.4648,-1.0866,3.829
32.047710,0.9857,-0.6661,-4.7691,4.915
32.070812,-1.1644,-1.2630,-6.4322,6.658
32.086401,-1.0334,-1.4647,-2.8992,3.409
32.111866,-0.0563,-1.3389,-1.7034,2.167
32.127104,1.0210,-0.8930,-1.9208,2.351
32.151200,0.9731,-0.4562,-1.9661,2.241
32.168040,0.1569,-0.1765,-1.8097,1.825
32.191166,-0.1378,0.7190,-1.8632,2.002
32.207873,0.0071,1.3380,-2.3421,2.697
32.229637,0.3924,2.1413,-2.4338,3.265
32.246867,0.5746,2.2536,-2.3522,3.308
32.271128,0.7787,2.2406,-1.6428,2.885
32.287476,1.0508,2.5205,-0.6421,2.805
32.311904,1.0211,2.4983,-0.3423,2.721
32.327460,0.8440,2.0241,0.0379,2.193
32.353898,-0.1422,1.3892,0.0809,1.399
32.369410,-1.1302,0.7418,-0.1031,1.356
32.391704,-1.3388,0.7046,-0.0314,1.513
32.407888,-0.9148,1.5195,0.8111,1.950
32.432007,-0.5920,1.2675,2.0111,2.450
32.447770,-0.1349,-0.1787,2.9980,3.006
32.473223,0.4513,-2.2723,3.9687,4.595
32.487449,0.4227,-3.5359,2.9249,4.608
32.510457,0.3764,-1.3068,1.2356,1.837
32.527812,0.3296,1.6249,0.9230,1.898
32.553601,0.9299,2.3829,1.7894,3.122
32.568038,2.8504,-0.6598,-0.6329,2.993
32.590839,6.1234,-8.5545,-2.1572,10.739
32.608172,4.2433,-11.1254,-3.1724,12.323
32.633672,0.1957,1.7446,-4.5054,4.835
32.648729,1.1189,7.7820,-4.0751,8.855
32.673285,0.5493,5.9878,-4.2857,7.384
32.687833,0.0047,4.4627,-1.8974,4.849
32.713284,0.1991,1.9058,0.0036,1.916
32.730819,-0.2167,-2.2885,-1.6908,2.854
32.750733,-1.5417,-3.7492,-3.2712,5.209
32.770942,-3.1282,-3.7380,-2.3288,5.402
32.791644,-3.1918,-1.3800,0.1562,3.481
32.810708,-2.1184,0.1758,1.7390,2.746
32.831484,-1.3155,0.4684,2.0006,2.440
32.852133,-0.7342,0.4151,0.7151,1.106
32.871909,-0.3317,0.4077,-0.5881,0.789
32.890670,0.3464,0.8090,-0.2382,0.912
32.914372,1.0503,1.0688,0.3117,1.531
32.933264,1.0575,0.9497,1.2455,1.890
32.952382,0.8267,0.7805,1.0396,1.541
32.973165,0.6085,0.8097,0.0051,1.013
32.993996,0.2971,0.5095,-0.5822,0.829
33.012368,-0.2589,-0.0289,-0.1530,0.302
33.035603,-0.8941,-0.1113,0.4834,1.022
33.053005,-1.4416,-0.2295,0.3988,1.513
33.069978,-1.6840,-0.8743,0.3894,1.937
33.093597,-1.4779,-1.7675,0.9524,2.493
33.115744,-0.5422,-1.9125,1.8855,2.740
33.133239,-0.0911,-1.4021,2.4723,2.844
33.151982,-1.1665,-1.0848,2.8008,3.222
33.170780,-2.2233,-1.0928,2.6230,3.608
33.192123,-2.0959,-1.3902,1.8902,3.146
33.211207,-1.4730,-3.1808,0.5710,3.551
33.233443,-2.2304,-4.6942,-0.8068,5.259
33.253774,-3.5346,-3.0091,0.2322,4.648
33.275490,-1.2459,-0.9154,2.5406,2.974
33.293579,1.7857,0.5520,2.7029,3.286
33.311317,2.3739,0.9955,1.3332,2.899
33.331279,2.8890,1.6146,0.4128,3.335
33.351523,2.3796,1.7228,-1.4827,3.291
33.372496,0.1686,0.7847,-2.7288,2.844
33.394493,-1.5904,-0.6689,-3.5963,3.989
33.413517,-0.6084,-1.6121,-3.3248,3.745
33.431935,0.7786,-1.7645,-2.1049,2.855
33.452742,1.7294,-0.9057,-1.3338,2.364
33.472541,1.6467,0.0212,-1.4112,2.169
33.493471,0.3933,0.0336,-3.1772,3.202
33.512389,-0.5661,0.4606,-2.5274,2.631
33.533751,-1.1351,0.8789,-2.2261,2.649
33.552587,-1.1329,0.9914,-2.1920,2.659
33.573825,-0.6539,1.3732,-1.8568,2.400
33.595255,0.0676,1.5525,-1.6707,2.282
33.613374,0.7038,1.8079,-1.3108,2.341
33.635645,0.8831,2.0642,-0.9006,2.419
33.653586,0.7716,1.8373,-0.4849,2.051
33.674434,0.6873,1.5802,-0.4850,1.790
33.693715,0.3222,1.2616,-0.3307,1.343
33.715916,-0.2334,0.8926,0.0970,0.928
33.734312,-0.3923,0.4702,0.5368,0.814
33.753491,0.0278,0.1709,0.8873,0.904
33.774380,0.5692,-0.1639,1.5979,1.704
33.794690,0.8234,-0.5618,2.3425,2.546
33.815734,0.6090,-0.5223,2.5824,2.704
33.834168,-0.0378,-0.0414,1.8339,1.835
33.855080,-0.3196,1.0002,1.0058,1.454
33.874078,-0.0309,2.3447,1.0031,2.550
33.893905,0.8797,2.4488,1.3634,2.938
33.914028,3.0116,-2.5878,1.3983,4.210
33.934133,4.3098,-12.1186,1.2770,12.925
33.954095,2.1035,-9.5782,-1.1293,9.871
33.976268,1.4986,3.5840,-3.8855,5.494
33.994331,2.1577,5.9163,-4.7442,7.885
34.014347,-0.2419,3.4304,-5.8617,6.796
34.036747,-1.7027,1.9396,-4.8307,5.477
34.055024,-0.2822,1.1716,-2.7268,2.981
34.076228,0.9587,0.3764,-2.3559,2.571
34.094831,0.5780,-0.8172,-0.9898,1.408
34.116981,-2.0381,-2.3609,1.4838,3.454
34.134720,-3.7764,-1.8821,3.3106,5.363
34.161154,-2.6712,0.3244,1.3227,2.998
34.185223,-1.1037,0.6623,-0.7681,1.499
34.197121,0.3897,0.8742,-1.1267,1.478
34.216108,0.8169,0.8114,-0.7896,1.396
34.235242,0.6127,0.7780,-0.7244,1.227
34.256388,0.0075,0.6477,0.1867,0.674
34.276081,-0.8204,0.0331,0.8588,1.188
34.296756,-0.9472,-0.2013,0.6291,1.155
34.315414,-0.3429,0.2667,0.3805,0.577
34.336756,0.2373,0.5626,0.1088,0.620
34.355994,-0.0172,0.0256,0.5985,0.599
34.376774,-0.4890,-0.3048,1.2305,1.359
34.398614,-0.5646,-0.4626,1.4729,1.644
34.415924,-0.3448,-0.8086,1.1566,1.453
34.436319,-0.0416,-0.8512,0.6785,1.089
34.457478,-0.4615,-1.0211,1.3070,1.722
34.476796,-1.5069,-1.5396,2.0193,2.953
34.497443,-2.1824,-1.7760,1.3928,3.140
34.516358,-2.5003,-1.7088,0.7349,3.116
34.537548,-2.5723,-1.5688,1.1955,3.241
34.556438,-2.1986,-1.1517,3.2448,4.085
34.576874,-2.6197,-1.7187,3.5628,4.744
34.597014,-3.7824,-3.3788,0.5120,5.098
34.617772,-3.2373,-2.4304,-1.0836,4.191
34.636836,-0.0056,-0.3433,-0.2682,0.436
34.657116,2.1561,0.6298,0.6938,2.351
34.677140,2.8982,0.6177,1.5211,3.331
34.697393,3.0816,0.4407,1.9514,3.674
34.717745,2.3252,0.5546,1.8726,3.037
34.737760,1.1548,-0.3684,0.8100,1.458
34.758160,-0.3301,-1.2041,-1.7046,2.113
34.777933,-0.5044,-1.2740,-4.1678,4.387
34.804044,0.6224,-1.2768,-3.8235,4.079
34.827438,1.1564,-1.4784,-3.5077,3.978
34.838136,1.6238,-0.6117,-2.6772,3.190
34.858571,1.6303,0.0330,-2.1201,2.675
34.878440,1.0698,0.0726,-1.3885,1.754
34.898250,0.0198,0.6979,-1.9744,2.094
34.918611,-1.1101,0.8150,-1.9891,2.419
34.938549,-1.5810,0.9035,-1.9195,2.646
34.958564,-0.7448,1.6389,-1.8655,2.592
34.978877,0.1940,2.1828,-1.6146,2.722
34.999047,0.4094,2.3046,-1.3979,2.726
35.019123,0.5454,2.6671,-1.4858,3.101
35.039208,0.5381,3.0991,-1.2521,3.386
35.059420,0.0618,2.6543,-0.7052,2.747
35.079611,-0.1856,1.5089,0.0823,1.522
35.099689,-0.4566,0.4106,0.9463,1.128
35.119854,-0.9522,-0.2093,1.2790,1.608
35.139286,-0.6798,-0.4365,1.6087,1.800
35.159868,-0.0966,-0.8149,2.6853,2.808
35.179795,0.6011,-1.6889,3.2048,3.672
35.200490,0.6540,-1.3440,1.5941,2.185
35.220029,-0.3259,0.6764,0.2981,0.808
35.240699,-0.5766,2.7435,0.7153,2.893
35.260604,1.4413,1.2892,0.9328,2.147
35.280520,4.2395,-7.4508,-0.1369,8.574
35.301666,4.2314,-14.1529,-0.5669,14.783
35.321035,1.4982,-0.4924,-1.2307,2.000
35.340736,1.2574,7.8818,-2.3717,8.326
35.361531,0.7708,5.4352,-3.8462,6.703
35.381331,-0.0291,3.9190,-3.3194,5.136
35.401077,-0.2744,2.3491,-3.8253,4.497
35.421033,-0.9907,-0.2570,-4.2202,4.343
35.441064,-2.1850,-2.4935,-1.4389,3.614
35.461079,-3.3309,-4.1342,2.7479,5.978
35.481278,-3.3081,-3.5010,2.9299,5.638
35.503054,-2.2077,-0.5353,1.0222,2.491
35.521013,-1.0944,1.8936,-0.6730,2.288
35.543117,-0.2430,2.3392,-2.3917,3.354
35.561565,-0.7510,0.8407,-1.9985,2.295
35.584407,-1.3683,-0.2152,0.1225,1.390
35.601344,-0.6412,-0.3772,0.1962,0.769
35.623112,0.1824,0.2794,0.8458,0.909
35.641662,0.8716,0.5570,1.3204,1.677
35.665527,1.6056,0.6040,1.0977,2.037
35.681948,1.3523,0.2630,0.9708,1.685
35.710402,0.5070,0.0191,0.0750,0.513
35.726571,0.2024,0.5833,-0.2900,0.682
35.742961,-0.1850,0.5089,0.0156,0.542
35.762139,-0.5887,-0.4351,-0.1496,0.747
35.784100,-0.3518,-1.4054,0.2618,1.472
35.803030,-1.3380,-0.6949,1.6771,2.255
35.824090,-1.9002,-0.7701,2.3275,3.102
35.842965,-1.8811,-1.8537,2.1265,3.391
35.864288,-2.1772,-2.1443,1.7513,3.522
35.883096,-2.5121,-1.8080,1.6887,3.526
35.907861,-2.1340,-1.3187,2.0356,3.231
35.930351,-1.8377,-2.2654,1.4128,3.241
35.944254,-2.5080,-4.0964,-0.3362,4.815
35.963736,-2.4698,-2.1877,-0.1135,3.301
35.984286,0.0670,-0.4395,1.7911,1.845
36.003033,1.9049,0.5698,2.5954,3.269
36.023941,1.8791,0.7929,2.1242,2.945
36.043341,2.5253,-0.4433,1.6359,3.041
36.063625,2.8010,-1.1160,-0.2580,3.026
36.083458,0.8804,-0.8063,-3.2519,3.464
36.104451,-0.6269,-1.1411,-5.8680,6.011
36.126014,-0.3812,-0.7774,-2.8010,2.932
36.147166,-0.6148,-0.7353,-2.9819,3.132
36.167063,-0.2368,-0.7594,-1.9724,2.127
36.186075,0.1787,-0.7664,-1.6984,1.872
36.206828,0.2484,0.2945,-1.3290,1.384
36.225235,0.1660,0.9309,-0.8181,1.250
36.247207,0.9423,1.5178,-0.8696,1.987
36.266300,1.3402,2.1838,-1.8135,3.139
36.286606,0.5505,2.1837,-2.3506,3.255
36.308956,0.2943,2.1286,-2.3261,3.167
36.329988,0.7099,2.3819,-1.6666,2.992
36.347527,0.2023,2.5185,-1.9924,3.218
36.367292,-0.7560,2.5407,-1.5603,3.076
36.389373,-0.9850,2.4669,-1.0075,2.841
36.406975,-0.8844,2.3453,-0.5342,2.563
36.427573,-1.0539,1.6688,0.4249,2.019
36.446448,-0.9814,0.9075,1.5026,2.011
36.469873,-0.5938,0.0724,2.1397,2.222
36.488045,0.4852,-1.0727,3.0592,3.278
36.509751,1.1651,-2.6907,5.0688,5.856
36.527655,1.4250,-3.2032,4.8349,5.972
36.550849,1.6774,-0.5827,2.5539,3.111
36.566807,0.7751,2.9452,0.6241,3.109
36.590926,1.7123,2.3906,-0.5931,3.000
36.607131,5.3268,-6.1841,-1.6573,8.329
36.632585,5.1742,-14.7652,-3.3614,16.003
36.655842,0.2253,-1.0991,-1.9491,2.249
36.668767,-0.7343,7.4251,-0.2034,7.464
36.687244,0.3306,1.5632,-2.0316,2.585
36.711263,-0.5094,0.5081,-1.8664,2.000
36.727587,-0.3741,1.5365,-1.4143,2.122
36.750949,1.0297,1.7361,-2.6386,3.322
36.767814,0.2413,0.8977,-2.6505,2.809
36.792101,-1.7349,-1.4195,-0.3608,2.271
36.807225,-2.1218,-3.2839,0.8869,4.009
36.829437,-1.5465,-1.8186,-0.8121,2.522
36.847807,-0.7653,0.9220,-1.9315,2.273
36.872900,0.4321,0.8177,-2.0651,2.263
36.887658,1.0995,-1.2326,-1.6706,2.349
36.911436,1.1652,1.1463,-2.0202,2.599
36.928126,0.0721,4.5644,-1.9434,4.961
36.952710,0.0722,3.4421,-0.5765,3.491
36.967598,1.4818,-0.4822,-1.3389,2.055
36.994988,-0.1990,-2.3064,-0.3775,2.346
37.017176,-2.5024,-2.0588,2.4481,4.061
37.030576,-0.1971,-1.0400,1.5585,1.884
37.047931,2.8636,1.0973,-0.6707,3.139
37.072440,1.4763,0.2737,-0.3406,1.540
37.087846,0.1097,-0.9764,0.5438,1.123
37.112116,-0.1023,-0.8938,0.9945,1.341
37.130455,0.0104,-1.4900,2.2368,2.688
37.151509,-1.3854,-1.7025,0.7401,2.316
37.169232,-3.8911,-2.0729,-1.4208,4.632
37.193061,-4.0669,0.7374,-0.0020,4.133
37.207986,-2.6559,2.0966,3.1074,4.594
37.232288,-1.7460,-0.1078,2.0190,2.671
37.252862,-1.3102,0.6114,-0.4408,1.512
37.273776,-0.5240,1.0033,-0.9520,1.479
37.291230,-1.4534,-1.1019,0.7062,1.956
37.309039,-2.4044,-2.8523,1.4786,4.013
37.330319,-1.3654,-2.0337,0.5655,2.514
37.354288,1.0581,-1.8478,0.8136,2.279
37.373392,1.5545,-2.5980,2.4342,3.885
37.392413,0.6341,-2.3156,3.5196,4.260
37.413693,2.3177,-2.3949,2.5222,4.180
37.431785,4.3558,-1.4516,-1.3926,4.798
37.451845,2.6556,-1.4033,-4.2624,5.214
37.469872,-0.3073,-2.3377,-4.0600,4.695
37.493452,-1.2346,-2.5117,-3.3974,4.402
37.512032,-0.0145,-1.7813,-2.8759,3.383
37.530547,0.8393,-1.8965,-2.5611,3.296
37.551529,1.3887,-1.7750,-2.6225,3.458
37.570862,2.7569,-0.8137,-2.7341,3.967
37.591863,3.9144,-0.1152,-2.0324,4.412
37.610692,2.8510,-1.1166,-1.8574,3.581
37.632694,0.8996,-0.6507,-1.2978,1.708
37.651357,1.0268,1.6927,-0.5989,2.068
37.672704,1.5419,1.5881,0.0986,2.216
37.690824,-0.3983,0.8596,0.4642,1.055
37.713245,-1.2372,2.3162,-0.0229,2.626
37.735560,0.5690,4.4964,0.1015,4.533
37.756323,0.4244,2.3753,0.1182,2.416
37.771395,0.2835,0.2895,-0.7064,0.814
37.793457,-0.4602,0.3192,1.1426,1.272
37.811946,-1.6353,-1.9286,2.6284,3.647
37.833335,-6.1531,-7.3437,-1.5011,9.698
37.851528,-3.0648,-3.7876,-2.5686,5.508
37.874562,2.9021,-1.7950,1.1389,3.597
37.893591,2.7624,1.1458,-2.8504,4.131
37.915045,2.2173,3.1561,-2.8349,4.787
37.934280,4.6707,1.6559,3.1666,5.881
37.952084,3.1289,1.5825,1.8091,3.946
37.974104,-1.4565,0.9583,-1.0410,2.031
37.994901,-2.4892,-2.2701,-2.6666,4.297
38.013059,0.1730,-3.5474,-0.8437,3.650
38.032676,1.8776,-1.8628,0.8857,2.789
38.052491,0.3076,-1.0197,-0.3741,1.129
38.073233,-1.8231,-1.6149,-0.5281,2.492
38.092487,-1.2984,-0.9880,1.0039,1.916
38.114706,-0.1948,0.6086,1.8727,1.979
38.132948,1.5822,1.9260,1.6550,2.992
38.153584,-0.7004,2.8220,7.4074,7.958
38.174787,-3.7507,0.0189,8.9565,9.710
38.195021,-3.9429,-0.5625,5.3088,6.637
38.215672,-2.1944,0.4299,1.5997,2.749
38.233158,-0.4922,2.6367,-0.5310,2.734
38.253047,-0.9258,0.4920,-0.8038,1.321
38.273325,-2.9952,0.3684,-0.9749,3.171
38.293437,-2.3925,-0.7511,-2.4307,3.492
38.313586,-1.3861,-0.9025,-4.6482,4.934
38.336074,-0.0295,-1.1385,-4.7246,4.860
38.354439,0.6876,-0.4521,-5.4012,5.464
38.374855,1.4370,-0.8959,-5.4423,5.700
38.394648,3.1122,-0.8908,-4.5183,5.558
38.414718,2.6659,-0.8345,-1.8060,3.326
38.434778,-0.0132,-0.4060,3.2918,3.317
38.455459,-1.7066,-1.0917,-0.7050,2.145
38.474383,-1.4345,-1.3718,-0.8017,2.141
38.495778,0.6349,-0.9311,0.1471,1.136
38.519893,0.6943,-0.4309,-0.6045,1.016
38.536554,-0.3082,-0.1331,-0.2292,0.407
38.554834,0.1460,-0.2164,-0.4997,0.564
38.574773,0.9807,-0.0864,-0.9519,1.369
38.594731,0.3527,0.3235,-0.8327,0.960
38.619850,-0.3982,0.1991,-1.0578,1.148
38.635207,-0.6217,0.2252,-0.8035,1.041
38.654873,-0.0835,0.3341,0.1003,0.359
38.675216,-0.1095,0.0618,-0.2809,0.308
38.696119,-0.9271,0.3546,-0.2550,1.025
38.717418,-1.0094,0.5115,0.1695,1.144
38.735328,-0.4286,0.4691,-0.5962,0.871
38.755639,-0.7378,0.5330,-0.8307,1.232
38.778385,-0.7007,0.5816,-0.2648,0.948
38.795824,0.0045,0.4485,-1.0830,1.172
38.816509,0.3620,0.5634,1.0579,1.252
38.835401,-0.1194,0.2547,0.2626,0.385
38.856379,0.1350,0.3145,0.3520,0.491
